company_id,period,IVI,U_score,risk_probability_next_month,pred_highrisk_next,IVI_next,target_highrisk_next,avoidable_er_per_100_members,avoidable_cost_per_member,cost_per_member,avoidable_er_rate,er_visits_per_100_members,avoidable_er_cost,total_er_visits,member_count
C001,202501,29.41174622574662,15.686243709577695,0.3965547021507969,0,36.90279228740226,1,0.6637168141592921,10.602942477876104,72.69683628318585,1.0,0.6637168141592921,4792.53,3,452
C001,202502,36.90279228740226,28.171320479003768,0.4133991158551577,0,80.0,0,0.4424778761061947,4.020221238938053,61.1858628318584,1.0,0.4424778761061947,1817.14,2,452
C001,202503,80.0,100.0,0.32221141127406394,0,80.0,0,0.0,0.0,62.528053097345136,0.0,0.0,0.0,0,452
C001,202504,80.0,100.0,0.3252180853869645,0,60.92064685516518,0,0.0,0.0,65.1571238938053,0.0,0.0,0.0,0,452
C001,202505,60.92064685516518,68.20107809194197,0.3241676670948361,0,80.0,0,0.2212389380530973,2.4437610619469026,60.33318584070796,0.5,0.4424778761061947,1104.58,2,452
C001,202506,80.0,100.0,0.3356850408939935,0,28.597309868032767,1,0.0,0.0,74.2136946902655,0.0,0.0,0.0,0,452
C001,202507,28.597309868032767,14.32884978005461,0.42872636554046933,0,43.360966345002325,1,0.6637168141592921,8.793517699115045,80.90256637168142,1.0,0.6637168141592921,3974.67,3,452
C001,202508,43.360966345002325,38.93494390833721,0.45167410231223604,0,46.3291734629432,1,0.4424778761061947,2.751150442477876,78.97931415929204,1.0,0.4424778761061947,1243.52,2,452
C001,202509,46.3291734629432,43.881955771572,0.39481375874545516,0,50.82005562217612,1,0.2212389380530973,1.5650884955752211,60.78438053097345,1.0,0.2212389380530973,707.42,1,452
C001,202510,50.82005562217612,51.366759370293536,0.3911685300791925,0,80.0,0,0.4424778761061947,2.8843141592920354,76.1613053097345,0.6666666666666666,0.6637168141592921,1303.71,3,452
C001,202511,80.0,100.0,0.3281125368214314,0,42.51585037705989,1,0.0,0.0,67.67619469026549,0.0,0.0,0.0,0,452
C002,202501,28.70156057502588,14.50260095837647,0.7749670938626322,1,49.10893083207849,1,0.7643312101910829,7.654866242038216,88.9091719745223,1.0,0.7643312101910829,6009.07,6,785
C002,202502,49.10893083207849,48.51488472013082,0.6840173674765766,1,44.21558844115074,1,0.1273885350318471,0.1800509554140127,55.83127388535032,1.0,0.1273885350318471,141.34,1,785
C002,202503,44.21558844115074,40.359314068584574,0.7117071781258762,1,48.46535051023405,1,0.2547770700636942,2.880764331210192,81.41873885350319,1.0,0.2547770700636942,2261.4,2,785
C002,202504,48.46535051023405,47.44225085039009,0.6958818335869615,1,44.53928794658822,1,0.3821656050955414,3.1376433121019103,67.34108280254777,0.75,0.5095541401273885,2463.05,4,785
C002,202505,44.53928794658822,40.8988132443137,0.7326599297553231,1,34.23550745778877,1,0.3821656050955414,2.566687898089172,72.86184713375796,1.0,0.3821656050955414,2014.85,3,785
C002,202506,34.23550745778877,23.72584576298129,0.674134296199008,1,42.18377149061757,1,0.5095541401273885,8.786649681528663,74.85290445859873,0.8,0.6369426751592357,6897.52,5,785
C002,202507,42.18377149061757,36.97295248436263,0.7221356474884292,1,43.21788412395768,1,0.3821656050955414,1.335528662420382,50.86188535031848,1.0,0.3821656050955414,1048.39,3,785
C002,202508,43.21788412395768,38.69647353992946,0.7057332069513,1,48.42230834566669,1,0.3821656050955414,4.424331210191084,65.18670063694267,1.0,0.3821656050955414,3473.1000000000004,3,785
C002,202509,48.42230834566669,47.37051390944449,0.6697200427198409,1,53.033350735467685,1,0.1273885350318471,1.7073503184713374,58.00290445859873,1.0,0.1273885350318471,1340.27,1,785
C002,202510,53.033350735467685,55.055584559112816,0.6848969599788156,1,64.09198908998472,0,0.3821656050955414,3.730445859872611,82.77607643312102,0.6,0.6369426751592357,2928.4,5,785
C002,202511,64.09198908998472,73.48664848330787,0.6553146965744829,1,55.67414037489128,0,0.1273885350318471,0.2634394904458599,65.17755414012738,0.5,0.2547770700636942,206.8,2,785
C003,202501,49.81137499163805,49.68562498606342,0.5286480720462396,1,35.887337608810256,1,0.1612903225806451,3.9485645161290326,77.32927419354839,1.0,0.1612903225806451,2448.11,1,620
C003,202502,35.887337608810256,26.47889601468376,0.5816797007948651,1,39.544689600800695,1,0.4838709677419355,3.751451612903226,56.70956451612904,1.0,0.4838709677419355,2325.9,3,620
C003,202503,39.544689600800695,32.57448266800117,0.5295753518201626,1,46.24774318272047,1,0.4838709677419355,8.252322580645162,88.87019354838709,0.75,0.6451612903225806,5116.4400000000005,4,620
C003,202504,46.24774318272047,43.74623863786746,0.514070623353994,1,34.790542712873275,1,0.1612903225806451,4.121290322580645,67.79811290322581,1.0,0.1612903225806451,2555.2,1,620
C003,202505,34.790542712873275,24.650904521455463,0.5516681605211866,1,44.180446079427,1,0.8064516129032258,12.242225806451613,80.89370967741935,0.8333333333333334,0.967741935483871,7590.18,6,620
C003,202506,44.180446079427,40.30074346571166,0.5105429245857546,1,50.655826537964494,1,0.1612903225806451,3.8676129032258064,62.66874193548387,1.0,0.1612903225806451,2397.92,1,620
C003,202507,50.655826537964494,51.09304422994082,0.5108820009447242,1,80.0,0,0.3225806451612903,3.679129032258064,64.01909677419356,0.6666666666666666,0.4838709677419355,2281.06,3,620
C003,202508,80.0,100.0,0.47109126451841254,0,48.51699521078321,1,0.0,0.0,64.86941935483871,0.0,0.0,0.0,0,620
C003,202509,48.51699521078321,47.52832535130536,0.5481210014989627,1,49.305851587714784,1,0.1612903225806451,0.7248709677419355,61.49448387096774,1.0,0.1612903225806451,449.42,1,620
C003,202510,49.305851587714784,48.843085979524645,0.5498145031739877,1,47.96088189683111,1,0.1612903225806451,0.6260967741935484,61.85896774193548,1.0,0.1612903225806451,388.18,1,620
C003,202511,47.96088189683111,46.601469828051854,0.460675429706673,0,47.48365323537915,1,0.4838709677419355,9.979306451612905,78.13825806451614,0.6,0.8064516129032258,6187.17,5,620
C004,202501,50.48937188172569,50.81561980287614,0.4314996057881987,0,43.04899659753582,1,0.219298245614035,0.8696271929824562,80.59497807017543,1.0,0.219298245614035,396.55,1,456
C004,202502,43.04899659753582,38.41499432922636,0.37144345624462227,0,59.34659323273903,0,0.219298245614035,4.586820175438596,68.05063596491227,1.0,0.219298245614035,2091.59,1,456
C004,202503,59.34659323273903,65.57765538789839,0.3316459495556345,0,80.0,0,0.219298245614035,2.157631578947369,61.21116228070176,0.5,0.4385964912280701,983.88,2,456
C004,202504,80.0,100.0,0.3260881818616107,0,49.02995150595577,1,0.0,0.0,63.10964912280702,0.0,0.0,0.0,0,456
C004,202505,49.02995150595577,48.38325250992629,0.42838348101444274,0,34.31089734950356,1,0.219298245614035,0.22875,72.06320175438596,1.0,0.219298245614035,104.31,1,456
C004,202506,34.31089734950356,23.85149558250592,0.42579718610142225,0,38.41486174909686,1,0.4385964912280701,5.604758771929824,83.71206140350877,1.0,0.4385964912280701,2555.77,2,456
C004,202507,38.41486174909686,30.691436248494764,0.4471943228121059,0,20.0,1,0.4385964912280701,4.035504385964912,85.43609649122807,1.0,0.4385964912280701,1840.19,2,456
C004,202508,20.0,0.0,0.4318007244354264,0,42.70049904570138,1,1.3157894736842104,21.70313596491228,91.6585745614035,1.0,1.3157894736842104,9896.63,6,456
C004,202509,42.70049904570138,37.83416507616897,0.36721155041527714,0,48.314926475945,1,0.219298245614035,5.586535087719298,74.08489035087719,1.0,0.219298245614035,2547.46,1,456
C004,202510,48.314926475945,47.191544126575,0.4320252010839045,0,35.220100859537666,1,0.219298245614035,0.4744736842105263,77.24519736842105,1.0,0.219298245614035,216.36,1,456
C004,202511,35.220100859537666,25.36683476589611,0.4186419164275593,0,48.55388431223967,1,0.6578947368421052,8.52969298245614,68.44754385964913,1.0,0.6578947368421052,3889.54,3,456
C005,202501,38.46137969416179,30.76896615693633,0.3684736847679533,0,23.601027502573864,1,0.4750593824228029,6.341615201900238,64.57301662707839,1.0,0.4750593824228029,2669.82,2,421
C005,202502,23.601027502573864,6.001712504289774,0.3546902950358682,0,47.81079619801774,1,0.7125890736342043,11.04399049881235,57.9844893111639,1.0,0.7125890736342043,4649.52,3,421
C005,202503,47.81079619801774,46.35132699669624,0.39454436988760055,0,42.105068539975896,1,0.2375296912114014,0.3163420427553444,68.31406175771971,1.0,0.2375296912114014,133.18,1,421
C005,202504,42.105068539975896,36.84178089995983,0.3177954766014848,0,24.880725400146957,1,0.2375296912114014,7.406270783847981,71.44121140142518,1.0,0.2375296912114014,3118.04,1,421
C005,202505,24.880725400146957,8.134542333578256,0.2976077725496517,0,44.4803837002519,1,1.187648456057007,24.705938242280286,98.11185273159144,0.8333333333333334,1.4251781472684086,10401.2,6,421
C005,202506,44.4803837002519,40.80063950041984,0.37912790571948995,0,28.995249406175773,1,0.2375296912114014,1.548978622327791,67.58612826603326,1.0,0.2375296912114014,652.12,1,421
C005,202507,28.995249406175773,14.992082343626286,0.30641371836785897,0,80.0,0,0.4750593824228029,13.828883610451308,82.48420427553444,1.0,0.4750593824228029,5821.96,2,421
C005,202508,80.0,100.0,0.3102518982032354,0,44.32846349202586,1,0.0,0.0,73.68534441805225,0.0,0.0,0.0,0,421
C005,202509,44.32846349202586,40.54743915337643,0.346546416872272,0,43.77733096045522,1,0.2375296912114014,3.3323040380047506,57.54323040380048,1.0,0.2375296912114014,1402.9,1,421
C005,202510,43.77733096045522,39.62888493409202,0.3368861914261796,0,48.097208775870016,1,0.2375296912114014,5.142660332541568,66.52802850356295,1.0,0.2375296912114014,2165.06,1,421
C005,202511,48.097208775870016,46.8286812931167,0.37949853442303333,0,80.0,0,0.2375296912114014,1.0450118764845606,63.09767220902613,1.0,0.2375296912114014,439.95,1,421
C006,202501,47.62412092115504,46.0402015352584,0.33086693299658887,0,42.26000311703227,1,0.2702702702702703,2.553918918918919,68.22359459459459,1.0,0.2702702702702703,944.95,1,370
C006,202502,42.26000311703227,37.100005195053775,0.30736759393254987,0,37.73844206371294,1,0.2702702702702703,3.649081081081081,57.904783783783785,1.0,0.2702702702702703,1350.16,1,370
C006,202503,37.73844206371294,29.56407010618824,0.29419791962945174,0,80.0,0,0.2702702702702703,7.748864864864864,84.81716216216216,1.0,0.2702702702702703,2867.08,1,370
C006,202504,80.0,100.0,0.26434336500463856,0,46.67521157079908,1,0.0,0.0,66.47151351351351,0.0,0.0,0.0,0,370
C006,202505,46.67521157079908,44.4586859513318,0.33059839757524995,0,40.07173311710813,1,0.2702702702702703,2.295,65.5345945945946,1.0,0.2702702702702703,849.15,1,370
C006,202506,40.07173311710813,33.45288852851353,0.29143634729964096,0,37.167368693333145,1,0.2702702702702703,4.763756756756757,53.93991891891892,1.0,0.2702702702702703,1762.59,1,370
C006,202507,37.167368693333145,28.61228115555524,0.3802036069718908,0,80.0,0,0.5405405405405406,2.5043783783783784,64.91721621621622,1.0,0.5405405405405406,926.62,2,370
C006,202508,80.0,100.0,0.23384530185597868,0,80.0,0,0.0,0.0,74.25918918918919,0.0,0.2702702702702703,0.0,1,370
C006,202509,80.0,100.0,0.2601276347327681,0,22.02981450646828,1,0.0,0.0,62.30016216216217,0.0,0.0,0.0,0,370
C006,202510,22.02981450646828,3.383024177447136,0.40549408217901095,0,46.73445559007632,1,1.0810810810810811,11.125432432432431,78.81148648648649,1.0,1.0810810810810811,4116.41,4,370
C006,202511,46.73445559007632,44.55742598346053,0.3436760645025712,0,22.186735820566625,1,0.2702702702702703,2.110675675675676,74.98894594594594,1.0,0.2702702702702703,780.95,1,370
C007,202501,32.71612347724744,21.193539128745734,0.320355860633697,0,44.130800995092585,1,0.4246284501061571,15.557770700636942,83.0400212314225,1.0,0.4246284501061571,7327.71,2,471
C007,202502,44.130800995092585,40.21800165848764,0.3826667189308571,0,41.43949044585988,1,0.2123142250530785,3.434968152866242,56.63938428874735,1.0,0.2123142250530785,1617.87,1,471
C007,202503,41.43949044585988,35.73248407643312,0.34987966679477817,0,61.33202837110584,0,0.4246284501061571,9.47592356687898,92.41932059447984,0.6666666666666666,0.6369426751592357,4463.16,3,471
C007,202504,61.33202837110584,68.88671395184306,0.4047884344279442,0,43.23138631904675,1,0.2123142250530785,0.1949469214437367,92.01970276008493,0.5,0.4246284501061571,91.82,2,471
C007,202505,43.23138631904675,38.71897719841125,0.3446437468831436,0,44.6125300160644,1,0.2123142250530785,8.550891719745222,73.8656050955414,1.0,0.2123142250530785,4027.47,1,471
C007,202506,44.6125300160644,41.02088336010733,0.3996532208094843,0,44.211595765116805,1,0.2123142250530785,2.101167728237792,57.59757961783439,1.0,0.2123142250530785,989.65,1,471
C007,202507,44.211595765116805,40.35265960852801,0.387270371981717,0,40.38051307528535,1,0.2123142250530785,3.9449469214437367,65.21628450106157,1.0,0.2123142250530785,1858.07,1,471
C007,202508,40.38051307528535,33.96752179214225,0.40062469822047364,0,32.3144060884251,1,0.4246284501061571,7.376751592356688,72.02106157112526,1.0,0.4246284501061571,3474.45,2,471
C007,202509,32.3144060884251,20.524010147375165,0.3577039230073803,0,35.83706750414908,1,0.4246284501061571,11.629936305732484,77.57760084925691,1.0,0.4246284501061571,5477.7,2,471
C007,202510,35.83706750414908,26.39511250691514,0.3808049336894764,0,46.27445947984429,1,0.4246284501061571,9.947452229299364,80.5527813163482,1.0,0.4246284501061571,4685.25,2,471
C007,202511,46.27445947984429,43.79076579974048,0.4025703524883441,0,35.97262197879504,1,0.2123142250530785,4.077707006369427,78.73802547770701,1.0,0.2123142250530785,1920.6,1,471
C008,202501,47.06755934788359,45.11259891313932,0.7063578940005792,1,50.98684819102503,1,0.2450980392156862,4.222757352941177,68.9119362745098,1.0,0.2450980392156862,3445.7700000000004,2,816
C008,202502,50.98684819102503,51.64474698504172,0.6637692376130683,1,48.96406690616988,1,0.2450980392156862,4.9837009803921575,64.35872549019608,0.6666666666666666,0.3676470588235294,4066.7,3,816
C008,202503,48.96406690616988,48.27344484361647,0.7113653744964965,1,34.901990064161694,1,0.1225490196078431,1.2360906862745098,69.71464460784314,1.0,0.1225490196078431,1008.65,1,816
C008,202504,34.901990064161694,24.836650106936155,0.7170979554804042,1,39.61508804114407,1,0.4901960784313725,9.11843137254902,76.2446568627451,1.0,0.4901960784313725,7440.64,4,816
C008,202505,39.61508804114407,32.691813401906785,0.6159121529722419,1,35.02005617285842,1,0.2450980392156862,12.834571078431372,74.17642156862745,1.0,0.2450980392156862,10473.01,2,816
C008,202506,35.02005617285842,25.033426954764025,0.6921011223172908,1,52.10091414871537,1,0.4901960784313725,8.576691176470588,68.71753676470588,0.8,0.6127450980392157,6998.58,5,816
C008,202507,52.10091414871537,53.50152358119228,0.6922320959447019,1,39.43427113280231,1,0.2450980392156862,4.270196078431372,82.46042892156864,0.6666666666666666,0.3676470588235294,3484.48,3,816
C008,202508,39.43427113280231,32.39045188800385,0.639602197098535,1,38.67505794298822,1,0.4901960784313725,14.698063725490195,82.40057598039215,0.8,0.6127450980392157,11993.62,5,816
C008,202509,38.67505794298822,31.12509657164704,0.6988752404730072,1,49.5960928912838,1,0.4901960784313725,8.878872549019608,77.74941176470588,0.8,0.6127450980392157,7245.16,5,816
C008,202510,49.5960928912838,49.32682148547301,0.7259300781099159,1,50.12059451468599,1,0.1225490196078431,1.1419730392156864,82.60031862745097,1.0,0.1225490196078431,931.85,1,816
C008,202511,50.12059451468599,50.20099085780999,0.7025696122326611,1,38.30776755583662,1,0.1225490196078431,1.008578431372549,59.39660539215686,1.0,0.1225490196078431,823.0,1,816
C009,202501,34.12898093054473,23.548301550907883,0.4901884528514766,0,29.896524857851524,1,0.5319148936170213,9.661702127659574,75.49370567375885,1.0,0.5319148936170213,5449.2,3,564
C009,202502,29.896524857851524,16.494208096419204,0.4832516284587693,0,80.0,0,0.5319148936170213,9.767163120567377,71.18521276595744,1.0,0.5319148936170213,5508.68,3,564
C009,202503,80.0,100.0,0.4338915750525866,0,20.0,1,0.0,0.0,75.39489361702128,0.0,0.0,0.0,0,564
C009,202504,20.0,0.0,0.45837922510877677,0,49.418300034625446,1,0.8865248226950355,18.76980496453901,73.9843085106383,1.0,0.8865248226950355,10586.17,5,564
C009,202505,49.418300034625446,49.03050005770909,0.5077685544315548,1,29.26010903312544,1,0.1773049645390071,0.7077304964539007,67.50783687943262,1.0,0.1773049645390071,399.16,1,564
C009,202506,29.26010903312544,15.433515055209067,0.5196902108064809,1,32.44401501548868,1,0.7092198581560284,8.060106382978724,81.1918085106383,0.8,0.8865248226950355,4545.9,5,564
C009,202507,32.44401501548868,20.740025025814468,0.5055888795013747,1,80.0,0,0.5319148936170213,8.198794326241135,73.3190780141844,1.0,0.5319148936170213,4624.12,3,564
C009,202508,80.0,100.0,0.42048191790965683,0,22.211339554264868,1,0.0,0.0,64.90377659574469,0.0,0.0,0.0,0,564
C009,202509,22.211339554264868,3.6855659237747807,0.5543533420732533,1,80.0,0,0.8865248226950355,10.712482269503546,70.77936170212766,1.0,0.8865248226950355,6041.84,5,564
C009,202510,80.0,100.0,0.4095433017254042,0,20.0,1,0.0,0.0,56.27835106382979,0.0,0.0,0.0,0,564
C009,202511,20.0,0.0,0.5806725615187396,1,80.0,0,1.2411347517730498,16.09906028368794,78.69835106382979,1.0,1.2411347517730498,9079.87,7,564
C010,202501,65.1131978744247,75.18866312404117,0.6077811932768599,1,51.90369475737788,1,0.2941176470588235,2.289705882352941,85.36386764705883,0.6666666666666666,0.4411764705882353,1557.0,3,680
C010,202502,51.90369475737788,53.1728245956298,0.6046778152454386,1,61.175511718682046,0,0.2941176470588235,1.8785735294117645,78.93501470588235,0.6666666666666666,0.4411764705882353,1277.4299999999998,3,680
C010,202503,61.175511718682046,68.62585286447008,0.5613280759031174,1,44.36106298721136,1,0.1470588235294117,1.8634264705882355,79.30444117647059,0.5,0.2941176470588235,1267.13,2,680
C010,202504,44.36106298721136,40.60177164535227,0.5799905897848658,1,44.183099583498354,1,0.4411764705882353,6.942382352941176,76.50766176470589,0.75,0.5882352941176471,4720.82,4,680
C010,202505,44.183099583498354,40.30516597249726,0.6009183940902829,1,41.12510328300594,1,0.2941176470588235,5.21639705882353,77.6115588235294,1.0,0.2941176470588235,3547.15,2,680
C010,202506,41.12510328300594,35.208505471676574,0.617839945621985,1,47.6020726595814,1,0.2941176470588235,3.148088235294117,71.39920588235294,1.0,0.2941176470588235,2140.7,2,680
C010,202507,47.6020726595814,46.00345443263566,0.5261901737473178,1,49.97586666270311,1,0.2941176470588235,8.027176470588236,76.57857352941177,0.6666666666666666,0.4411764705882353,5458.4800000000005,3,680
C010,202508,49.97586666270311,49.95977777117185,0.6433442484049057,1,50.14314478808922,1,0.4411764705882353,2.9728382352941174,89.60900000000001,0.75,0.5882352941176471,2021.53,4,680
C010,202509,50.14314478808922,50.23857464681536,0.5537447740662472,1,41.38319463788461,1,0.2941176470588235,5.351279411764706,72.17344117647059,0.6666666666666666,0.4411764705882353,3638.87,3,680
C010,202510,41.38319463788461,35.63865772980769,0.5723213987772795,1,47.97449389063981,1,0.2941176470588235,6.587617647058823,68.17133823529412,1.0,0.2941176470588235,4479.58,2,680
C010,202511,47.97449389063981,46.62415648439969,0.5796954654585343,1,40.558755341674924,1,0.1470588235294117,3.3168823529411764,70.69707352941177,1.0,0.1470588235294117,2255.48,1,680
C011,202501,32.465217802104995,20.77536300350833,0.7428293281187575,1,27.26361386138614,1,0.6188118811881188,8.447834158415843,74.68941831683169,1.0,0.6188118811881188,6825.85,5,808
C011,202502,27.26361386138614,12.106023102310232,0.6459500988482689,1,61.5265223108362,0,0.6188118811881188,15.779059405940592,76.87565594059406,0.8333333333333334,0.7425742574257426,12749.48,6,808
C011,202503,61.5265223108362,69.21087051806033,0.6656478362530791,1,29.576869875318017,1,0.1237623762376237,1.9571163366336632,73.99232673267328,0.5,0.2475247524752475,1581.35,2,808
C011,202504,29.576869875318017,15.961449792196692,0.7668841850335293,1,46.45061230653303,1,0.7425742574257426,8.200136138613862,72.14163366336633,1.0,0.7425742574257426,6625.71,6,808
C011,202505,46.45061230653303,44.08435384422173,0.7123001572007646,1,34.097791052748846,1,0.2475247524752475,3.1658910891089107,69.54488861386139,1.0,0.2475247524752475,2558.04,2,808
C011,202506,34.097791052748846,23.496318421248084,0.7475565675319931,1,55.04822987039376,0,0.495049504950495,4.291720297029703,64.5244306930693,1.0,0.495049504950495,3467.71,4,808
C011,202507,55.04822987039376,58.41371645065626,0.7150574634604975,1,45.55620733543383,1,0.2475247524752475,0.8030198019801981,75.5582301980198,0.6666666666666666,0.3712871287128713,648.84,3,808
C011,202508,45.55620733543383,42.59367889238971,0.7032249315893387,1,80.0,0,0.2475247524752475,4.423254950495049,73.24492574257425,1.0,0.2475247524752475,3573.99,2,808
C011,202509,80.0,100.0,0.645440314780806,1,80.0,0,0.0,0.0,69.82704207920793,0.0,0.0,0.0,0,808
C011,202510,80.0,100.0,0.6366374151962253,1,33.298479760619735,1,0.0,0.0,88.51455445544553,0.0,0.2475247524752475,0.0,2,808
C011,202511,33.298479760619735,22.164132934366226,0.7620929325010453,1,32.39697875766404,1,0.7425742574257426,9.135371287128711,76.0472400990099,1.0,0.7425742574257426,7381.38,6,808
C012,202501,24.39863295704916,7.331054928415267,0.35725029397095215,0,80.0,0,0.6864988558352403,16.08983981693364,100.32510297482835,1.0,0.6864988558352403,7031.26,3,437
C012,202502,80.0,100.0,0.3179673815031002,0,36.84796196671195,1,0.0,0.0,69.31725400457665,0.0,0.0,0.0,0,437
C012,202503,36.84796196671195,28.07993661118658,0.42331239031552303,0,45.15574384983252,1,0.4576659038901602,5.468787185354691,91.2892448512586,1.0,0.4576659038901602,2389.86,2,437
C012,202504,45.15574384983252,41.92623974972086,0.38539177443581263,0,47.80070939477829,1,0.2288329519450801,3.40720823798627,80.2483981693364,1.0,0.2288329519450801,1488.95,1,437
C012,202505,47.80070939477829,46.33451565796381,0.38580115043533725,0,33.976267591230965,1,0.2288329519450801,1.7241189931350116,64.57446224256293,1.0,0.2288329519450801,753.44,1,437
C012,202506,33.976267591230965,23.29377931871827,0.3990126862541586,0,35.94449295135425,1,0.4576659038901602,5.404942791762013,71.4645995423341,1.0,0.4576659038901602,2361.96,2,437
C012,202507,35.94449295135425,26.574154918923742,0.38568272905594503,0,50.33773573280047,1,0.4576659038901602,6.327048054919909,69.5291533180778,1.0,0.4576659038901602,2764.92,2,437
C012,202508,50.33773573280047,50.562892888000775,0.3449373011337655,0,37.41370823083298,1,0.4576659038901602,5.224736842105263,70.21315789473685,0.6666666666666666,0.6864988558352403,2283.21,3,437
C012,202509,37.41370823083298,29.022847051388307,0.40012610286526584,0,41.624375567306814,1,0.4576659038901602,5.192929061784897,70.33693363844394,1.0,0.4576659038901602,2269.31,2,437
C012,202510,41.624375567306814,36.040625945511366,0.4485058325727757,0,41.37426364381966,1,0.4576659038901602,2.7734553775743707,85.27668192219679,1.0,0.4576659038901602,1212.0,2,437
C012,202511,41.37426364381966,35.623772739699426,0.3930498965969888,0,80.0,0,0.4576659038901602,4.937048054919908,62.243135011441645,1.0,0.4576659038901602,2157.49,2,437
C013,202501,38.36421425007168,30.60702375011948,0.6908572674119059,1,36.41025576301381,1,0.554016620498615,3.444473684210526,55.05861495844875,1.0,0.554016620498615,2486.91,4,722
C013,202502,36.41025576301381,27.350426271689688,0.6452540924104576,1,45.31710525012413,1,0.4155124653739612,5.712797783933517,64.39425207756233,1.0,0.4155124653739612,4124.639999999999,3,722
C013,202503,45.31710525012413,42.19517541687355,0.600898315546869,1,32.70336583202976,1,0.1385041551246537,3.8619529085872575,64.40581717451524,1.0,0.1385041551246537,2788.33,1,722
C013,202504,32.70336583202976,21.17227638671627,0.6403791226501575,1,41.144993973049374,1,0.554016620498615,10.0840027700831,75.29905817174514,1.0,0.554016620498615,7280.65,4,722
C013,202505,41.144993973049374,35.24165662174896,0.6435120972009403,1,29.355531952771543,1,0.4155124653739612,6.524529085872576,70.72898891966759,1.0,0.4155124653739612,4710.71,3,722
C013,202506,29.355531952771543,15.59255325461924,0.6629899084076671,1,21.032013131140555,1,0.554016620498615,7.114196675900278,65.8719944598338,1.0,0.554016620498615,5136.450000000001,4,722
C013,202507,21.032013131140555,1.7200218852342577,0.6847706587815335,1,43.939564899122615,1,0.8310249307479225,12.639584487534629,83.91527700831026,1.0,0.8310249307479225,9125.78,6,722
C013,202508,43.939564899122615,39.89927483187103,0.6516214245818432,1,35.21581951363129,1,0.554016620498615,6.806814404432133,76.78217451523547,0.8,0.6925207756232686,4914.52,5,722
C013,202509,35.21581951363129,25.35969918938548,0.6102168486806187,1,34.33570770425295,1,0.554016620498615,11.010124653739611,83.0554432132964,0.8,0.6925207756232686,7949.31,5,722
C013,202510,34.33570770425295,23.89284617375491,0.6550805263520364,1,38.63726854650747,1,0.554016620498615,8.818185595567867,75.48646814404432,1.0,0.554016620498615,6366.73,4,722
C013,202511,38.63726854650747,31.062114244179128,0.6752409282863175,1,80.0,0,0.554016620498615,6.3647783933518,69.27350415512466,1.0,0.554016620498615,4595.37,4,722
C014,202501,31.532457273231785,19.22076212205297,0.43427176079529967,0,80.0,0,0.6681514476614699,7.743496659242761,76.76135857461024,1.0,0.6681514476614699,3476.83,3,449
C014,202502,80.0,100.0,0.2983196021081315,0,80.0,0,0.0,0.0,43.2528285077951,0.0,0.0,0.0,0,449
C014,202503,80.0,100.0,0.33081734338635677,0,80.0,0,0.0,0.0,72.12440979955457,0.0,0.0,0.0,0,449
C014,202504,80.0,100.0,0.3405021102770002,0,36.39458485760471,1,0.0,0.0,80.43875278396436,0.0,0.0,0.0,0,449
C014,202505,36.39458485760471,27.324308096007847,0.3351486397216461,0,33.680226101274364,1,0.4454342984409799,12.472405345211582,79.16688195991091,1.0,0.4454342984409799,5600.110000000001,2,449
C014,202506,33.680226101274364,22.80037683545728,0.3952745060736105,0,44.7056870201038,1,0.4454342984409799,6.006993318485524,67.39472160356347,1.0,0.4454342984409799,2697.1400000000003,2,449
C014,202507,44.7056870201038,41.17614503350632,0.39758078316145745,0,80.0,0,0.2227171492204899,3.07260579064588,79.25020044543429,1.0,0.2227171492204899,1379.6,1,449
C014,202508,80.0,100.0,0.3328772964997166,0,43.6894160796022,1,0.0,0.0,73.90289532293987,0.0,0.0,0.0,0,449
C014,202509,43.6894160796022,39.48236013267032,0.37006766340766345,0,33.964338636313975,1,0.2227171492204899,4.415657015590201,69.7496881959911,1.0,0.2227171492204899,1982.63,1,449
C014,202510,33.964338636313975,23.27389772718996,0.3436567184387933,0,80.0,0,0.4454342984409799,11.58619153674833,78.00093541202672,1.0,0.4454342984409799,5202.200000000001,2,449
C014,202511,80.0,100.0,0.315665570537816,0,35.909893476058215,1,0.0,0.0,58.863652561247214,0.0,0.0,0.0,0,449
C015,202501,48.33901533147383,47.231692219123055,0.3884705225627817,0,37.329534864689904,1,0.2083333333333333,4.016479166666667,61.080000000000005,1.0,0.2083333333333333,1927.91,1,480
C015,202502,37.329534864689904,28.882558107816507,0.44399154098537613,0,28.82450285864083,1,0.4166666666666667,4.459291666666667,73.03397916666667,1.0,0.4166666666666667,2140.46,2,480
C015,202503,28.82450285864083,14.707504764401383,0.4709841280303115,0,44.39017730962206,1,1.0416666666666663,8.599229166666667,92.45375,0.7142857142857143,1.4583333333333333,4127.63,7,480
C015,202504,44.39017730962206,40.65029551603676,0.3672832664828291,0,48.61245398400676,1,0.2083333333333333,5.166104166666667,54.77110416666667,1.0,0.2083333333333333,2479.73,1,480
C015,202505,48.61245398400676,47.68742330667794,0.4350991673727384,0,29.400908587503995,1,0.2083333333333333,1.0832916666666668,70.03158333333333,1.0,0.2083333333333333,519.98,1,480
C015,202506,29.400908587503995,15.668180979173329,0.3840277990801054,0,80.0,0,0.4166666666666667,10.747833333333334,85.53545833333332,1.0,0.4166666666666667,5158.96,2,480
C015,202507,80.0,100.0,0.3078140547256798,0,44.16256255517254,1,0.0,0.0,86.16897916666667,0.0,0.4166666666666667,0.0,2,480
C015,202508,44.16256255517254,40.27093759195424,0.4634976352612599,0,21.26,1,0.4166666666666667,2.2542291666666667,67.10360416666667,1.0,0.4166666666666667,1082.03,2,480
C015,202509,21.26,2.100000000000002,0.4368607376296268,0,38.07544458560341,1,0.8333333333333334,13.132520833333333,77.9740625,1.0,0.8333333333333334,6303.61,4,480
C015,202510,38.07544458560341,30.12574097600568,0.49697280386548964,0,43.97802758540769,1,0.8333333333333334,4.616416666666667,79.09497916666666,0.8,1.0416666666666663,2215.88,5,480
C015,202511,43.97802758540769,39.96337930901282,0.4093583635317703,0,62.3957448449816,0,0.625,6.6020625,68.1695625,0.75,0.8333333333333334,3168.99,4,480
C016,202501,45.27405168744994,42.12341947908324,0.5759316125097685,1,41.19537618808231,1,0.303951367781155,4.246215805471125,62.68424012158055,1.0,0.303951367781155,2794.01,2,658
C016,202502,41.19537618808231,35.32562698013718,0.5787472567308025,1,29.57875607700471,1,0.303951367781155,3.743814589665654,60.08155015197568,1.0,0.303951367781155,2463.4300000000003,2,658
C016,202503,29.57875607700471,15.964593461674514,0.6710796763214799,1,41.40119179251819,1,0.7598784194528876,6.39790273556231,75.00592705167173,1.0,0.7598784194528876,4209.82,5,658
C016,202504,41.40119179251819,35.66865298753032,0.5675512963829696,1,29.87706062467037,1,0.303951367781155,6.183890577507599,74.68946808510638,1.0,0.303951367781155,4069.0,2,658
C016,202505,29.87706062467037,16.461767707783952,0.6701480246726724,1,58.1021613738099,0,0.911854103343465,10.250957446808512,82.36867781155016,1.0,0.911854103343465,6745.13,6,658
C016,202506,58.1021613738099,63.50360228968317,0.4946323082995678,0,40.568104442041175,1,0.1519756838905775,3.725562310030395,61.48504559270517,0.5,0.303951367781155,2451.42,2,658
C016,202507,40.568104442041175,34.28017407006862,0.572893735395196,1,44.2260956929907,1,0.303951367781155,5.475136778115501,72.07483282674772,1.0,0.303951367781155,3602.64,2,658
C016,202508,44.2260956929907,40.3768261549845,0.5601382874637877,1,30.96062932607503,1,0.303951367781155,4.915942249240121,56.7758358662614,1.0,0.303951367781155,3234.69,2,658
C016,202509,30.96062932607503,18.267715543458383,0.6109647960466479,1,39.11875168267191,1,0.60790273556231,8.36034954407295,72.43379939209727,1.0,0.60790273556231,5501.110000000001,4,658
C016,202510,39.11875168267191,31.86458613778653,0.607033069719637,1,44.97962309864131,1,0.4559270516717325,5.60709726443769,71.63571428571429,1.0,0.4559270516717325,3689.47,3,658
C016,202511,44.97962309864131,41.6327051644022,0.5049722644980646,1,43.74626235867977,1,0.1519756838905775,7.220243161094225,65.10975683890578,1.0,0.1519756838905775,4750.92,1,658
C017,202501,78.76613255470471,97.9435542578412,0.5565497003462846,1,80.0,0,0.1443001443001443,2.1191774891774893,68.80271284271284,0.5,0.2886002886002886,1468.59,2,693
C017,202502,80.0,100.0,0.5246588635475742,1,48.54343035503469,1,0.0,0.0,54.718484848484856,0.0,0.0,0.0,0,693
C017,202503,48.54343035503469,47.57238392505781,0.5695361467267592,1,48.84250356513039,1,0.2886002886002886,6.031731601731601,82.10594516594516,0.6666666666666666,0.4329004329004329,4179.99,3,693
C017,202504,48.84250356513039,48.07083927521732,0.6286497615275307,1,35.99673741282334,1,0.1443001443001443,1.0393362193362192,79.3375468975469,1.0,0.1443001443001443,720.26,1,693
C017,202505,35.99673741282334,26.66122902137224,0.619883365684567,1,40.2815805623184,1,0.5772005772005772,9.815699855699856,73.12929292929293,1.0,0.5772005772005772,6802.280000000001,4,693
C017,202506,40.2815805623184,33.80263427053066,0.544689157997093,1,47.98593537329633,1,0.4329004329004329,10.238528138528135,94.71161616161616,0.6,0.7215007215007215,7095.299999999999,5,693
C017,202507,47.98593537329633,46.64322562216056,0.6048444837669975,1,42.89774745564122,1,0.1443001443001443,1.576031746031746,65.19943722943722,1.0,0.1443001443001443,1092.19,1,693
C017,202508,42.89774745564122,38.1629124260687,0.6519110593953208,1,40.597466971976495,1,0.4329004329004329,3.636103896103896,68.1068253968254,1.0,0.4329004329004329,2519.82,3,693
C017,202509,40.597466971976495,34.32911161996083,0.6104191089527303,1,44.56871554657028,1,0.2886002886002886,6.091486291486291,85.23555555555555,1.0,0.2886002886002886,4221.4,2,693
C017,202510,44.56871554657028,40.947859244283805,0.6314421351743797,1,44.29921029557399,1,0.2886002886002886,3.152582972582972,74.15904761904763,1.0,0.2886002886002886,2184.74,2,693
C017,202511,44.29921029557399,40.49868382595665,0.6376711134150097,1,28.47371629648177,1,0.5772005772005772,5.473362193362194,70.63748917748917,0.8,0.7215007215007215,3793.04,5,693
C018,202501,29.211438598225723,15.35239766370954,0.7588626448467667,1,38.19455112551334,1,0.8323424494649228,12.967871581450654,82.94860879904876,0.875,0.9512485136741972,10905.98,8,841
C018,202502,38.19455112551334,30.32425187585558,0.7282032995409741,1,49.42605066166254,1,0.356718192627824,5.644910820451843,62.25070154577883,1.0,0.356718192627824,4747.37,3,841
C018,202503,49.42605066166254,49.04341776943758,0.7321938886977538,1,26.93832695045902,1,0.1189060642092746,0.9292746730083234,69.56695600475624,1.0,0.1189060642092746,781.52,1,841
C018,202504,26.93832695045902,11.56387825076504,0.8060148291732274,1,49.72964415574957,1,0.8323424494649228,8.920071343638526,80.06751486325803,1.0,0.8323424494649228,7501.78,7,841
C018,202505,49.72964415574957,49.54940692624928,0.7267326147755901,1,34.49783686269351,1,0.1189060642092746,1.6953745541022591,71.64938168846611,1.0,0.1189060642092746,1425.81,1,841
C018,202506,34.49783686269351,24.16306143782252,0.7774956117014931,1,39.08887979334531,1,0.4756242568370986,4.440356718192628,77.05839476813317,1.0,0.4756242568370986,3734.34,4,841
C018,202507,39.08887979334531,31.81479965557553,0.791026997608553,1,40.449014845755,1,0.4756242568370986,2.180463733650416,70.60167657550535,1.0,0.4756242568370986,1833.77,4,841
C018,202508,40.449014845755,34.08169140959166,0.7574967313005339,1,49.46495794029098,1,0.4756242568370986,6.035802615933412,70.96347205707491,1.0,0.4756242568370986,5076.11,4,841
C018,202509,49.46495794029098,49.1082632338183,0.7336416505111673,1,47.86498566123037,1,0.1189060642092746,0.7861950059453032,69.60443519619501,1.0,0.1189060642092746,661.19,1,841
C018,202510,47.86498566123037,46.44164276871729,0.7089375207265024,1,49.9018044135866,1,0.1189060642092746,3.1526278240190253,68.86510107015458,1.0,0.1189060642092746,2651.36,1,841
C018,202511,49.9018044135866,49.836340689310994,0.7225208779122583,1,49.43589979996607,1,0.1189060642092746,1.3869560047562426,64.63777645659928,1.0,0.1189060642092746,1166.43,1,841
C019,202501,72.43117387194454,87.38528978657425,0.6127579036621685,1,42.092176304255176,1,0.2621231979030144,5.64699868938401,85.66597640891219,0.5,0.5242463958060288,4308.66,4,763
C019,202502,42.092176304255176,36.8202938404253,0.6562679358588183,1,31.56303905042236,1,0.2621231979030144,4.185465268676278,59.220629095674965,1.0,0.2621231979030144,3193.51,2,763
C019,202503,31.56303905042236,19.27173175070394,0.6933562456419009,1,47.35860728829636,1,0.5242463958060288,8.582149410222804,81.82465268676278,1.0,0.5242463958060288,6548.18,4,763
C019,202504,47.35860728829636,45.59767881382725,0.6697057091444851,1,49.730245036404526,1,0.3931847968545215,4.32656618610747,70.25218872870249,0.75,0.5242463958060288,3301.17,4,763
C019,202505,49.730245036404526,49.55040839400754,0.6842817860951061,1,36.4460964339171,1,0.3931847968545215,4.489462647444299,84.57914809960681,0.75,0.5242463958060288,3425.46,4,763
C019,202506,36.4460964339171,27.410160723195165,0.6330902422460447,1,41.69779687225176,1,0.2621231979030144,8.346173001310614,79.82778505897772,1.0,0.2621231979030144,6368.129999999999,2,763
C019,202507,41.69779687225176,36.16299478708627,0.655786872726259,1,66.13944095279462,0,0.2621231979030144,5.391363040629095,70.40038007863696,1.0,0.2621231979030144,4113.61,2,763
C019,202508,66.13944095279462,76.89906825465769,0.5952071426848482,1,43.436851668779866,1,0.1310615989515072,3.634220183486238,84.87058977719528,0.3333333333333333,0.3931847968545215,2772.91,3,763
C019,202509,43.436851668779866,39.06141944796645,0.6640637167879072,1,54.11628474959655,1,0.2621231979030144,3.670511140235911,60.92439056356487,1.0,0.2621231979030144,2800.6,2,763
C019,202510,54.11628474959655,56.86047458266093,0.6602735228003519,1,40.86693115128189,1,0.2621231979030144,3.115478374836173,79.81260812581912,0.6666666666666666,0.3931847968545215,2377.11,3,763
C019,202511,40.86693115128189,34.778218585469816,0.7200422138784395,1,50.33572351032824,1,0.5242463958060288,4.066893840104849,63.09474442988205,1.0,0.5242463958060288,3103.04,4,763
C020,202501,51.29768366700864,52.16280611168107,0.6271974807704059,1,43.48783423025134,1,0.1360544217687074,3.0287619047619048,68.870231292517,1.0,0.1360544217687074,2226.14,1,735
C020,202502,43.48783423025134,39.14639038375223,0.6553767221456671,1,40.47334954953669,1,0.2721088435374149,1.9633333333333327,55.438544217687074,1.0,0.2721088435374149,1443.05,2,735
C020,202503,40.47334954953669,34.12224924922782,0.6830705348626334,1,38.30280434932395,1,0.6802721088435374,5.153836734693877,71.70488435374149,0.7142857142857143,0.9523809523809524,3788.07,7,735
C020,202504,38.30280434932395,30.504673915539914,0.6336354369551299,1,46.71363589848658,1,0.4081632653061224,7.069292517006804,59.62870748299319,1.0,0.4081632653061224,5195.93,3,735
C020,202505,46.71363589848658,44.52272649747764,0.6519053324060978,1,41.95430550672392,1,0.2721088435374149,2.196108843537415,54.73809523809524,1.0,0.2721088435374149,1614.14,2,735
C020,202506,41.95430550672392,36.5905091778732,0.6650950751531479,1,80.0,0,0.2721088435374149,2.9676326530612247,73.37414965986395,1.0,0.2721088435374149,2181.21,2,735
C020,202507,80.0,100.0,0.5868697156249035,1,39.318925125206434,1,0.0,0.0,73.55812244897959,0.0,0.0,0.0,0,735
C020,202508,39.318925125206434,32.19820854201073,0.6434200221210383,1,48.77229047080861,1,0.4081632653061224,9.27100680272109,88.88219047619049,1.0,0.4081632653061224,6814.1900000000005,3,735
C020,202509,48.77229047080861,47.95381745134769,0.6448959068781253,1,45.43825468095048,1,0.1360544217687074,1.099687074829932,64.98737414965987,1.0,0.1360544217687074,808.27,1,735
C020,202510,45.43825468095048,42.397091134917474,0.6582684379082397,1,80.0,0,0.2721088435374149,2.539755102040816,63.42842176870748,1.0,0.2721088435374149,1866.72,2,735
C020,202511,80.0,100.0,0.5336196646739678,1,47.268996353072126,1,0.0,0.0,62.51910204081633,0.0,0.2721088435374149,0.0,2,735
C021,202501,77.51547994876508,95.8591332479418,0.42518386079267684,0,29.09741766888313,1,0.1848428835489833,2.1545471349353047,76.39162661737524,0.5,0.3696857670979667,1165.61,2,541
C021,202502,29.09741766888313,15.162362781471884,0.4701713132748455,0,44.128698566050005,1,0.5545286506469501,9.941626617375231,75.9377818853974,1.0,0.5545286506469501,5378.42,3,541
C021,202503,44.128698566050005,40.21449761008334,0.4651086854311872,0,80.0,0,0.1848428835489833,4.062698706099815,81.95818853974122,1.0,0.1848428835489833,2197.92,1,541
C021,202504,80.0,100.0,0.41198526377283806,0,20.0,1,0.0,0.0,74.34386321626617,0.0,0.0,0.0,0,541
C021,202505,20.0,0.0,0.5610099806918539,1,35.06682013321381,1,1.2939001848428835,17.19297597042514,82.93170055452866,1.0,1.2939001848428835,9301.4,7,541
C021,202506,35.06682013321381,25.11136688868968,0.45629798866185756,0,40.95372693310377,1,0.3696857670979667,6.747486136783734,67.78308687615527,1.0,0.3696857670979667,3650.39,2,541
C021,202507,40.95372693310377,34.922878221839625,0.4722055555724063,0,45.25372897366557,1,0.5545286506469501,5.512347504621073,68.96833641404807,0.75,0.7393715341959335,2982.1800000000003,4,541
C021,202508,45.25372897366557,42.08954828944263,0.5246936244062724,1,48.70775212188728,1,0.3696857670979667,1.866913123844732,73.68951940850278,1.0,0.3696857670979667,1010.0,2,541
C021,202509,48.70775212188728,47.84625353647881,0.4449992563488195,0,29.12239312903725,1,0.3696857670979667,4.963142329020332,79.04003696857671,0.6666666666666666,0.5545286506469501,2685.06,3,541
C021,202510,29.12239312903725,15.20398854839542,0.4955437615043843,0,35.902150265772256,1,0.7393715341959335,10.617855822550831,68.84249537892791,1.0,0.7393715341959335,5744.26,4,541
C021,202511,35.902150265772256,26.503583776287098,0.4709483493094866,0,44.62138820652566,1,0.5545286506469501,10.022255083179298,77.30412199630314,1.0,0.5545286506469501,5422.04,3,541
C022,202501,37.68172241128667,29.46953735214445,0.5719476511345509,1,46.14550669991117,1,0.4792332268370607,7.170830670926517,78.19188498402556,1.0,0.4792332268370607,4488.94,3,626
C022,202502,46.14550669991117,43.57584449985195,0.5283603094522202,1,62.506441531261366,0,0.1597444089456869,2.822907348242812,62.338099041533546,1.0,0.1597444089456869,1767.14,1,626
C022,202503,62.506441531261366,70.84406921876895,0.5171183557364959,1,42.13282752925433,1,0.1597444089456869,0.6104952076677317,71.68690095846645,0.5,0.3194888178913738,382.17,2,626
C022,202504,42.13282752925433,36.88804588209055,0.5735571781094562,1,80.0,0,0.3194888178913738,4.637939297124602,84.95867412140575,1.0,0.3194888178913738,2903.3500000000004,2,626
C022,202505,80.0,100.0,0.46816405167856323,0,31.78594249201278,1,0.0,0.0,58.41079872204473,0.0,0.0,0.0,0,626
C022,202506,31.78594249201278,19.64323748668797,0.47721951120090617,0,26.5440522023072,1,0.3194888178913738,11.13531948881789,72.9297124600639,1.0,0.3194888178913738,6970.709999999999,2,626
C022,202507,26.5440522023072,10.906753670511996,0.547419998521552,1,49.42054068782442,1,0.6389776357827476,11.880143769968052,74.44976038338659,1.0,0.6389776357827476,7436.97,4,626
C022,202508,49.42054068782442,49.03423447970737,0.5771566920475288,1,37.66772870191584,1,0.1597444089456869,1.1331789137380193,83.98856230031949,1.0,0.1597444089456869,709.37,1,626
C022,202509,37.66772870191584,29.44621450319307,0.5101079650546588,1,50.680110867401126,1,0.6389776357827476,10.064073482428114,80.35375399361021,0.6666666666666666,0.9584664536741214,6300.11,6,626
C022,202510,50.680110867401126,51.13351811233522,0.4981333323886853,0,40.60125986084768,1,0.3194888178913738,5.706357827476039,69.57597444089457,0.6666666666666666,0.4792332268370607,3572.1800000000003,3,626
C022,202511,40.60125986084768,34.33543310141279,0.5771998581081743,1,62.497014643446896,0,0.4792332268370607,5.471757188498403,66.0497124600639,1.0,0.4792332268370607,3425.32,3,626
C023,202501,43.19134973380245,38.652249556337416,0.3936190356162431,0,39.04481342937662,1,0.7843137254901961,11.342647058823529,77.1121568627451,0.6666666666666666,1.1764705882352942,5784.75,6,510
C023,202502,39.04481342937662,31.741355715627705,0.4678218750596939,0,40.16710449942352,1,0.392156862745098,3.153607843137255,61.16458823529412,1.0,0.392156862745098,1608.34,2,510
C023,202503,40.16710449942352,33.61184083237252,0.46891765073184216,0,46.9568683494425,1,0.392156862745098,3.890666666666667,69.03233333333333,1.0,0.392156862745098,1984.24,2,510
C023,202504,46.9568683494425,44.92811391573751,0.44332452581629006,0,80.0,0,0.196078431372549,1.965921568627451,65.39549019607843,1.0,0.196078431372549,1002.62,1,510
C023,202505,80.0,100.0,0.36902828804961796,0,40.23633717115659,1,0.0,0.0,61.51349019607844,0.0,0.0,0.0,0,510
C023,202506,40.23633717115659,33.72722861859432,0.3686138781110937,0,36.41591069189151,1,0.392156862745098,9.700588235294118,84.23480392156863,0.6666666666666666,0.5882352941176471,4947.3,3,510
C023,202507,36.41591069189151,27.35985115315253,0.4152499034523376,0,40.976308760911934,1,0.5882352941176471,9.760176470588236,84.54333333333334,0.75,0.7843137254901961,4977.69,4,510
C023,202508,40.976308760911934,34.96051460151989,0.4301864313396807,0,80.0,0,0.392156862745098,7.331705882352941,71.85303921568628,1.0,0.392156862745098,3739.17,2,510
C023,202509,80.0,100.0,0.38940015738801537,0,39.69169154386927,1,0.0,0.0,78.08225490196078,0.0,0.0,0.0,0,510
C023,202510,39.69169154386927,32.819485906448776,0.4377626562287865,0,41.884015771887945,1,0.392156862745098,6.350039215686275,68.40050980392158,1.0,0.392156862745098,3238.52,2,510
C023,202511,41.884015771887945,36.47335961981325,0.45689741989190585,0,80.0,0,0.392156862745098,5.779,77.77566666666667,1.0,0.392156862745098,2947.29,2,510
C024,202501,58.01376484090183,63.35627473483638,0.7186827875478167,1,37.65276791918449,1,0.3708281829419036,2.652262051915945,67.75004944375773,0.75,0.4944375772558714,2145.68,4,809
C024,202502,37.65276791918449,29.421279865307486,0.7115679594518712,1,34.911233147032426,1,0.4944375772558714,8.121161928306552,86.67537700865266,0.8,0.6180469715698393,6570.02,5,809
C024,202503,34.911233147032426,24.852055245054046,0.7326114859141838,1,80.0,0,0.4944375772558714,6.412756489493201,69.43959208899877,1.0,0.4944375772558714,5187.92,4,809
C024,202504,80.0,100.0,0.6311517018576303,1,67.65685776148254,0,0.0,0.0,83.23368355995056,0.0,0.2472187886279357,0.0,2,809
C024,202505,67.65685776148254,79.42809626913755,0.6445795532401056,1,45.16367250438489,1,0.1236093943139678,1.6829048207663784,72.35076637824474,0.3333333333333333,0.3708281829419036,1361.47,3,809
C024,202506,45.16367250438489,41.939454173974816,0.6989706682248121,1,31.50944822603844,1,0.3708281829419036,3.611223733003708,58.69025957972806,0.75,0.4944375772558714,2921.48,4,809
C024,202507,31.50944822603844,19.18241371006407,0.7613666705135145,1,49.4277362906309,1,0.6180469715698393,6.767515451174289,76.95903584672435,1.0,0.6180469715698393,5474.92,5,809
C024,202508,49.4277362906309,49.046227151051504,0.7076613974391222,1,33.169726106030296,1,0.1236093943139678,2.0050061804697155,78.44391841779975,1.0,0.1236093943139678,1622.05,1,809
C024,202509,33.169726106030296,21.94954351005049,0.7196067681149961,1,48.03353904336021,1,0.4944375772558714,8.884190358467244,80.70372064276884,1.0,0.4944375772558714,7187.31,4,809
C024,202510,48.03353904336021,46.72256507226701,0.6750803409274183,1,80.0,0,0.1236093943139678,2.8625957972805933,57.44679851668727,1.0,0.1236093943139678,2315.84,1,809
C024,202511,80.0,100.0,0.6234862410134642,1,27.04978592918129,1,0.0,0.0,63.97868974042027,0.0,0.1236093943139678,0.0,1,809
C025,202501,50.01785293923556,50.02975489872593,0.5488822041699357,1,47.337263750042936,1,0.603318250377074,9.607933634992458,81.42016591251885,0.6666666666666666,0.904977375565611,6370.06,6,663
C025,202502,47.337263750042936,45.56210625007156,0.5777814042455087,1,33.15904065536586,1,0.1508295625942685,1.6012971342383109,64.17915535444946,1.0,0.1508295625942685,1061.66,1,663
C025,202503,33.15904065536586,21.93173442560976,0.6283872376906887,1,44.13352616769888,1,0.603318250377074,6.063061840120664,61.68348416289593,1.0,0.603318250377074,4019.81,4,663
C025,202504,44.13352616769888,40.222543612831466,0.6127288238911944,1,36.42810704210908,1,0.301659125188537,2.419079939668175,71.21156862745097,1.0,0.301659125188537,1603.85,2,663
C025,202505,36.42810704210908,27.38017840351512,0.6282197342485574,1,40.1260939414554,1,0.603318250377074,8.57182503770739,85.57657616892911,1.0,0.603318250377074,5683.12,4,663
C025,202506,40.1260939414554,33.543489902425655,0.5852767803658097,1,42.635196460663366,1,0.301659125188537,3.8732880844645545,63.25601809954751,1.0,0.301659125188537,2567.99,2,663
C025,202507,42.635196460663366,37.72532743443894,0.5998317526246307,1,32.50997096311048,1,0.301659125188537,3.159758672699849,67.96274509803922,1.0,0.301659125188537,2094.92,2,663
C025,202508,32.50997096311048,20.849951605184124,0.6267869731560585,1,31.10830111921574,1,0.7541478129713424,10.39870286576169,73.32030165912519,1.0,0.7541478129713424,6894.34,5,663
C025,202509,31.10830111921574,18.5138351986929,0.5102184448282379,1,46.55990227542897,1,0.4524886877828055,12.22763197586727,56.58052790346908,1.0,0.4524886877828055,8106.92,3,663
C025,202510,46.55990227542897,44.266503792381606,0.5863559714831991,1,49.02281484832631,1,0.4524886877828055,4.910392156862745,73.14552036199096,0.75,0.603318250377074,3255.59,4,663
C025,202511,49.02281484832631,48.37135808054384,0.5817619796232817,1,80.0,0,0.1508295625942685,1.8226395173454,69.42690799396682,1.0,0.1508295625942685,1208.41,1,663
C026,202501,47.4487391680571,45.7478986134285,0.3285991738437007,0,57.77353310501699,0,0.2695417789757413,2.804231805929919,68.02851752021563,1.0,0.2695417789757413,1040.37,1,371
C026,202502,57.77353310501699,62.955888508361646,0.2925446456731813,0,80.0,0,0.2695417789757413,1.0296765498652292,77.5744474393531,0.5,0.5390835579514826,382.01,2,371
C026,202503,80.0,100.0,0.2787763855012882,0,23.859120077254875,1,0.0,0.0,79.73956873315365,0.0,0.0,0.0,0,371
C026,202504,23.859120077254875,6.431866795424793,0.3073462821571096,0,47.29403611113766,1,0.8086253369272237,14.03865229110512,67.84458221024259,1.0,0.8086253369272237,5208.34,3,371
C026,202505,47.29403611113766,45.490060185229424,0.3455204696499879,0,31.56266287515306,1,0.2695417789757413,1.4428301886792452,69.60900269541779,1.0,0.2695417789757413,535.29,1,371
C026,202506,31.56266287515306,19.27110479192177,0.36339134776838583,0,41.24705789562,1,0.5390835579514826,5.465741239892183,78.72474393530997,1.0,0.5390835579514826,2027.79,2,371
C026,202507,41.24705789562,35.41176315936667,0.2626866423508412,0,80.0,0,0.5390835579514826,8.21700808625337,66.66059299191375,0.6666666666666666,0.8086253369272237,3048.51,3,371
C026,202508,80.0,100.0,0.26267705102735006,0,33.78314131476734,1,0.0,0.0,64.12641509433962,0.0,0.0,0.0,0,371
C026,202509,33.78314131476734,22.971902191278907,0.33245656893770975,0,22.561034728584477,1,0.5390835579514826,7.055498652291106,67.69498652291105,1.0,0.5390835579514826,2617.59,2,371
C026,202510,22.561034728584477,4.268391214307457,0.3959906107696587,0,80.0,0,1.078167115902965,10.595822102425876,65.89099730458221,1.0,1.078167115902965,3931.05,4,371
C026,202511,80.0,100.0,0.2471658210362933,0,35.623107259986014,1,0.0,0.0,48.48962264150944,0.0,0.0,0.0,0,371
C027,202501,61.28856968877256,68.81428281462094,0.5059830840833891,1,27.329538646183025,1,0.3322259136212624,5.682906976744185,91.63212624584718,0.6666666666666666,0.4983388704318937,3421.11,3,602
C027,202502,27.329538646183025,12.215897743638374,0.5746166922588254,1,34.05577452549969,1,0.6644518272425249,8.006644518272426,72.00230897009966,1.0,0.6644518272425249,4820.0,4,602
C027,202503,34.05577452549969,23.42629087583282,0.6064447522001054,1,80.0,0,0.6644518272425249,4.381727574750831,62.55589700996678,1.0,0.6644518272425249,2637.8,4,602
C027,202504,80.0,100.0,0.4572411727922574,0,45.57631883138765,1,0.0,0.0,66.83549833887044,0.0,0.0,0.0,0,602
C027,202505,45.57631883138765,42.62719805231275,0.5639050010919643,1,41.28025296221559,1,0.3322259136212624,2.327691029900332,70.48573089700997,1.0,0.3322259136212624,1401.27,2,602
C027,202506,41.28025296221559,35.46708827035932,0.5635029451547579,1,28.55287321010205,1,0.3322259136212624,1.9842691029900328,66.8897342192691,1.0,0.3322259136212624,1194.53,2,602
C027,202507,28.55287321010205,14.254788683503415,0.5697852875183455,1,80.0,0,0.6644518272425249,8.823322259136212,76.03132890365448,1.0,0.6644518272425249,5311.639999999999,4,602
C027,202508,80.0,100.0,0.4562911300164876,0,80.0,0,0.0,0.0,66.10255813953488,0.0,0.0,0.0,0,602
C027,202509,80.0,100.0,0.4393716297954047,0,43.56019446757816,1,0.0,0.0,73.5316611295681,0.0,0.1661129568106312,0.0,1,602
C027,202510,43.56019446757816,39.266990779296925,0.5727749509084519,1,38.50414358534877,1,0.3322259136212624,3.3323421926910304,87.01136212624586,1.0,0.3322259136212624,2006.07,2,602
C027,202511,38.50414358534877,30.84023930891462,0.4685816232389359,0,48.43092378834103,1,0.3322259136212624,11.709302325581396,86.8812292358804,1.0,0.3322259136212624,7049.0,2,602
C028,202501,48.02265300293351,46.70442167155585,0.7197171310907989,1,44.67541652031892,1,0.2427184466019417,3.102390776699029,65.3327427184466,1.0,0.2427184466019417,2556.37,2,824
C028,202502,44.67541652031892,41.12569420053154,0.7241545713583608,1,48.47993671948396,1,0.2427184466019417,1.5406553398058251,54.527839805825245,1.0,0.2427184466019417,1269.5,2,824
C028,202503,48.47993671948396,47.46656119913993,0.722046249638491,1,30.35414800136964,1,0.1213592233009708,1.6373300970873788,78.19461165048544,1.0,0.1213592233009708,1349.16,1,824
C028,202504,30.35414800136964,17.25691333561606,0.7243756247808549,1,24.304685260739173,1,0.6067961165048543,11.628956310679612,77.61544902912621,1.0,0.6067961165048543,9582.26,5,824
C028,202505,24.304685260739173,7.174475434565291,0.7531152156649348,1,21.271228266881423,1,0.9708737864077668,16.64417475728155,80.17490291262135,1.0,0.9708737864077668,13714.8,8,824
C028,202506,21.271228266881423,2.1187137781357035,0.7648872085100136,1,30.066550044835267,1,0.7281553398058253,9.955691747572816,77.60273058252427,1.0,0.7281553398058253,8203.49,6,824
C028,202507,30.066550044835267,16.77758340805878,0.750971606326841,1,45.47651294159408,1,0.6067961165048543,8.757961165048544,76.30043689320388,1.0,0.6067961165048543,7216.559999999999,5,824
C028,202508,45.47651294159408,42.460854902656806,0.70779481306571,1,40.46926204545175,1,0.2427184466019417,4.652597087378641,69.08628640776699,1.0,0.2427184466019417,3833.74,2,824
C028,202509,40.46926204545175,34.11543674241958,0.7411367317195299,1,62.99862068434522,0,0.3640776699029126,4.275145631067962,72.70483009708738,1.0,0.3640776699029126,3522.7200000000003,3,824
C028,202510,62.99862068434522,71.66436780724203,0.6983910720831837,1,40.840682213429815,1,0.1213592233009708,1.276529126213592,85.03226941747572,0.5,0.2427184466019417,1051.86,2,824
C028,202511,40.840682213429815,34.734470355716354,0.7497992625832212,1,45.96091281510608,1,0.4854368932038834,5.006055825242719,63.73041262135922,1.0,0.4854368932038834,4124.99,4,824
C029,202501,39.39961509194809,32.33269181991349,0.3821453392254219,0,32.56463591563934,1,0.4901960784313725,4.572573529411764,66.05718137254901,1.0,0.4901960784313725,1865.61,2,408
C029,202502,32.56463591563934,20.94105985939891,0.33573507072865816,0,80.0,0,0.4901960784313725,7.875441176470589,58.78455882352941,1.0,0.4901960784313725,3213.1800000000003,2,408
C029,202503,80.0,100.0,0.3102121286198526,0,80.0,0,0.0,0.0,82.76906862745098,0.0,0.0,0.0,0,408
C029,202504,80.0,100.0,0.2858228047450562,0,33.859701755583515,1,0.0,0.0,60.442549019607846,0.0,0.0,0.0,0,408
C029,202505,33.859701755583515,23.09950292597252,0.3898482338518745,0,42.63225169821928,1,0.7352941176470588,8.961397058823529,73.14039215686275,1.0,0.7352941176470588,3656.25,3,408
C029,202506,42.63225169821928,37.72041949703213,0.3359507622837358,0,80.0,0,0.2450980392156862,3.061397058823529,54.06857843137255,1.0,0.2450980392156862,1249.05,1,408
C029,202507,80.0,100.0,0.29587627070072464,0,47.05309916818928,1,0.0,0.0,69.77397058823529,0.0,0.0,0.0,0,408
C029,202508,47.05309916818928,45.08849861364881,0.3489464294669792,0,25.91049450935538,1,0.2450980392156862,2.3781372549019606,58.626348039215685,1.0,0.2450980392156862,970.28,1,408
C029,202509,25.91049450935538,9.850824182258972,0.3667028808365242,0,80.0,0,0.7352941176470588,10.584656862745096,69.71799019607843,1.0,0.7352941176470588,4318.54,3,408
C029,202510,80.0,100.0,0.2881951395901231,0,46.02787378302128,1,0.0,0.0,62.66178921568627,0.0,0.0,0.0,0,408
C029,202511,46.02787378302128,43.379789638368806,0.3378446456701435,0,41.45047951276993,1,0.2450980392156862,3.6449264705882354,61.23509803921569,1.0,0.2450980392156862,1487.13,1,408
C030,202501,43.73847062427511,39.56411770712519,0.7576330599043477,1,48.9308441909277,1,0.5813953488372093,6.995860465116279,62.59863953488372,0.8333333333333334,0.6976744186046512,6016.4400000000005,6,860
C030,202502,48.9308441909277,48.21807365154617,0.7473566538875167,1,46.99986278363208,1,0.1162790697674418,0.8447209302325582,70.85159302325582,1.0,0.1162790697674418,726.46,1,860
C030,202503,46.99986278363208,44.99977130605346,0.7565116940773449,1,40.25589764108449,1,0.2325581395348837,1.0358488372093022,57.998790697674416,1.0,0.2325581395348837,890.8299999999999,2,860
C030,202504,40.25589764108449,33.75982940180747,0.7422877450029464,1,47.42468926262485,1,0.3488372093023256,6.299220930232558,70.13983720930233,1.0,0.3488372093023256,5417.33,3,860
C030,202505,47.42468926262485,45.707815437708085,0.6990928781242222,1,29.80938846007912,1,0.3488372093023256,8.813023255813953,74.77902325581395,0.75,0.4651162790697674,7579.2,4,860
C030,202506,29.80938846007912,16.348980766798533,0.8030519568572672,1,35.7157948406091,1,0.5813953488372093,5.960337209302326,85.22824418604651,1.0,0.5813953488372093,5125.89,5,860
C030,202507,35.7157948406091,26.192991401015163,0.7544254636519918,1,51.37284631075238,1,0.5813953488372093,8.173267441860466,70.6188023255814,0.8333333333333334,0.6976744186046512,7029.01,6,860
C030,202508,51.37284631075238,52.2880771845873,0.7683114594632541,1,54.821528155719406,1,0.3488372093023256,3.262662790697674,89.39229069767441,0.75,0.4651162790697674,2805.89,4,860
C030,202509,54.821528155719406,58.03588025953235,0.7387618128533939,1,34.206395348837205,1,0.2325581395348837,1.827209302325581,72.45144186046511,0.6666666666666666,0.3488372093023256,1571.4,3,860
C030,202510,34.206395348837205,23.677325581395348,0.7178564189837158,1,50.43652784975069,1,0.5813953488372093,13.390441860465115,84.82306976744185,0.8333333333333334,0.6976744186046512,11515.78,6,860
C030,202511,50.43652784975069,50.72754641625114,0.7286887540444019,1,37.53276146747904,1,0.3488372093023256,4.369767441860465,59.70667441860465,0.75,0.4651162790697674,3758.0,4,860
