company_id,period,total_claims,total_cost,total_er_visits,avoidable_er_visits,avoidable_er_cost,member_count,avoidable_er_rate,er_visits_per_100_members,avoidable_er_per_100_members,cost_per_member,avoidable_cost_per_member
C001,202501,126,32858.97,3,3,4792.53,452,1.0,0.6637168141592921,0.6637168141592921,72.69683628318585,10.602942477876105
C001,202502,103,27656.01,2,2,1817.1399999999999,452,1.0,0.4424778761061947,0.4424778761061947,61.1858628318584,4.020221238938053
C001,202503,120,28262.68,0,0,0.0,452,0.0,0.0,0.0,62.528053097345136,0.0
C001,202504,115,29451.02,0,0,0.0,452,0.0,0.0,0.0,65.1571238938053,0.0
C001,202505,106,27270.6,2,1,1104.58,452,0.5,0.4424778761061947,0.22123893805309736,60.33318584070796,2.4437610619469026
C001,202506,126,33544.590000000004,0,0,0.0,452,0.0,0.0,0.0,74.2136946902655,0.0
C001,202507,123,36567.96,3,3,3974.67,452,1.0,0.6637168141592921,0.6637168141592921,80.90256637168142,8.793517699115045
C001,202508,147,35698.65,2,2,1243.52,452,1.0,0.4424778761061947,0.4424778761061947,78.97931415929204,2.751150442477876
C001,202509,112,27474.54,1,1,707.42,452,1.0,0.22123893805309736,0.22123893805309736,60.78438053097345,1.5650884955752211
C001,202510,126,34424.909999999996,3,2,1303.71,452,0.6666666666666666,0.6637168141592921,0.4424778761061947,76.1613053097345,2.8843141592920354
C001,202511,114,30589.64,0,0,0.0,452,0.0,0.0,0.0,67.67619469026549,0.0
C001,202512,126,30404.63,2,2,1756.82,452,1.0,0.4424778761061947,0.4424778761061947,67.26688053097345,3.8867699115044245
C002,202501,236,69793.7,6,6,6009.07,785,1.0,0.7643312101910829,0.7643312101910829,88.9091719745223,7.654866242038216
C002,202502,174,43827.55,1,1,141.34,785,1.0,0.12738853503184713,0.12738853503184713,55.83127388535032,0.18005095541401275
C002,202503,222,63913.71,2,2,2261.4,785,1.0,0.25477707006369427,0.25477707006369427,81.41873885350319,2.8807643312101914
C002,202504,200,52862.75,4,3,2463.0499999999997,785,0.75,0.5095541401273885,0.3821656050955414,67.34108280254777,3.1376433121019103
C002,202505,211,57196.55,3,3,2014.85,785,1.0,0.3821656050955414,0.3821656050955414,72.86184713375796,2.566687898089172
C002,202506,212,58759.53,5,4,6897.52,785,0.8,0.6369426751592357,0.5095541401273885,74.85290445859873,8.786649681528663
C002,202507,184,39926.58,3,3,1048.3899999999999,785,1.0,0.3821656050955414,0.3821656050955414,50.861885350318474,1.335528662420382
C002,202508,211,51171.56,3,3,3473.1000000000004,785,1.0,0.3821656050955414,0.3821656050955414,65.18670063694267,4.424331210191084
C002,202509,197,45532.28,1,1,1340.27,785,1.0,0.12738853503184713,0.12738853503184713,58.00290445859873,1.7073503184713374
C002,202510,220,64979.22,5,3,2928.3999999999996,785,0.6,0.6369426751592357,0.3821656050955414,82.77607643312102,3.730445859872611
C002,202511,206,51164.38,2,1,206.8,785,0.5,0.25477707006369427,0.12738853503184713,65.17755414012738,0.2634394904458599
C002,202512,195,50430.520000000004,3,2,2071.64,785,0.6666666666666666,0.3821656050955414,0.25477707006369427,64.24270063694269,2.639031847133758
C003,202501,181,47944.15,1,1,2448.11,620,1.0,0.16129032258064516,0.16129032258064516,77.32927419354839,3.9485645161290326
C003,202502,147,35159.93,3,3,2325.9,620,1.0,0.4838709677419355,0.4838709677419355,56.709564516129035,3.751451612903226
C003,202503,164,55099.52,4,3,5116.4400000000005,620,0.75,0.6451612903225806,0.4838709677419355,88.87019354838709,8.252322580645162
C003,202504,165,42034.83,1,1,2555.2,620,1.0,0.16129032258064516,0.16129032258064516,67.79811290322581,4.121290322580645
C003,202505,171,50154.1,6,5,7590.18,620,0.8333333333333334,0.967741935483871,0.8064516129032258,80.89370967741935,12.242225806451613
C003,202506,142,38854.62,1,1,2397.92,620,1.0,0.16129032258064516,0.16129032258064516,62.66874193548387,3.8676129032258064
C003,202507,147,39691.840000000004,3,2,2281.06,620,0.6666666666666666,0.4838709677419355,0.3225806451612903,64.01909677419356,3.6791290322580643
C003,202508,165,40219.04,0,0,0.0,620,0.0,0.0,0.0,64.86941935483871,0.0
C003,202509,154,38126.58,1,1,449.42,620,1.0,0.16129032258064516,0.16129032258064516,61.49448387096774,0.7248709677419355
C003,202510,167,38352.56,1,1,388.18,620,1.0,0.16129032258064516,0.16129032258064516,61.85896774193548,0.6260967741935484
C003,202511,157,48445.72,5,3,6187.17,620,0.6,0.8064516129032258,0.4838709677419355,78.13825806451614,9.979306451612903
C003,202512,170,50922.15,4,3,3324.45,620,0.75,0.6451612903225806,0.4838709677419355,82.13250000000001,5.362016129032257
C004,202501,147,36751.31,1,1,396.55,456,1.0,0.21929824561403508,0.21929824561403508,80.59497807017543,0.8696271929824562
C004,202502,119,31031.09,1,1,2091.59,456,1.0,0.21929824561403508,0.21929824561403508,68.05063596491227,4.586820175438596
C004,202503,123,27912.29,2,1,983.88,456,0.5,0.43859649122807015,0.21929824561403508,61.21116228070176,2.1576315789473686
C004,202504,113,28778.0,0,0,0.0,456,0.0,0.0,0.0,63.10964912280702,0.0
C004,202505,138,32860.82,1,1,104.31,456,1.0,0.21929824561403508,0.21929824561403508,72.06320175438596,0.22875
C004,202506,137,38172.7,2,2,2555.77,456,1.0,0.43859649122807015,0.43859649122807015,83.71206140350877,5.604758771929824
C004,202507,140,38958.86,2,2,1840.1899999999998,456,1.0,0.43859649122807015,0.43859649122807015,85.43609649122807,4.035504385964912
C004,202508,139,41796.31,6,6,9896.630000000001,456,1.0,1.3157894736842104,1.3157894736842104,91.6585745614035,21.70313596491228
C004,202509,131,33782.71,1,1,2547.46,456,1.0,0.21929824561403508,0.21929824561403508,74.08489035087719,5.586535087719298
C004,202510,124,35223.81,1,1,216.36,456,1.0,0.21929824561403508,0.21929824561403508,77.24519736842105,0.4744736842105263
C004,202511,117,31212.08,3,3,3889.54,456,1.0,0.6578947368421052,0.6578947368421052,68.44754385964913,8.52969298245614
C004,202512,111,28161.39,1,1,404.04,456,1.0,0.21929824561403508,0.21929824561403508,61.75743421052631,0.8860526315789474
C005,202501,107,27185.24,2,2,2669.82,421,1.0,0.4750593824228029,0.4750593824228029,64.57301662707839,6.341615201900238
C005,202502,83,24411.47,3,3,4649.5199999999995,421,1.0,0.7125890736342043,0.7125890736342043,57.9844893111639,11.04399049881235
C005,202503,103,28760.22,1,1,133.18,421,1.0,0.23752969121140144,0.23752969121140144,68.31406175771971,0.31634204275534444
C005,202504,104,30076.75,1,1,3118.04,421,1.0,0.23752969121140144,0.23752969121140144,71.44121140142518,7.406270783847981
C005,202505,123,41305.09,6,5,10401.2,421,0.8333333333333334,1.4251781472684086,1.187648456057007,98.11185273159144,24.705938242280286
C005,202506,112,28453.760000000002,1,1,652.12,421,1.0,0.23752969121140144,0.23752969121140144,67.58612826603326,1.548978622327791
C005,202507,109,34725.85,2,2,5821.96,421,1.0,0.4750593824228029,0.4750593824228029,82.48420427553444,13.828883610451307
C005,202508,117,31021.53,0,0,0.0,421,0.0,0.0,0.0,73.68534441805225,0.0
C005,202509,102,24225.7,1,1,1402.9,421,1.0,0.23752969121140144,0.23752969121140144,57.54323040380048,3.3323040380047506
C005,202510,97,28008.3,1,1,2165.06,421,1.0,0.23752969121140144,0.23752969121140144,66.52802850356295,5.142660332541568
C005,202511,111,26564.12,1,1,439.95,421,1.0,0.23752969121140144,0.23752969121140144,63.09767220902613,1.0450118764845606
C005,202512,112,29415.48,1,0,0.0,421,0.0,0.23752969121140144,0.0,69.87049881235154,0.0
C006,202501,91,25242.73,1,1,944.95,370,1.0,0.2702702702702703,0.2702702702702703,68.22359459459459,2.553918918918919
C006,202502,80,21424.77,1,1,1350.16,370,1.0,0.2702702702702703,0.2702702702702703,57.904783783783785,3.649081081081081
C006,202503,117,31382.35,1,1,2867.08,370,1.0,0.2702702702702703,0.2702702702702703,84.81716216216216,7.748864864864864
C006,202504,110,24594.46,0,0,0.0,370,0.0,0.0,0.0,66.47151351351351,0.0
C006,202505,96,24247.8,1,1,849.15,370,1.0,0.2702702702702703,0.2702702702702703,65.5345945945946,2.295
C006,202506,84,19957.77,1,1,1762.59,370,1.0,0.2702702702702703,0.2702702702702703,53.93991891891892,4.763756756756757
C006,202507,100,24019.37,2,2,926.62,370,1.0,0.5405405405405406,0.5405405405405406,64.91721621621622,2.5043783783783784
C006,202508,110,27475.899999999998,1,0,0.0,370,0.0,0.2702702702702703,0.0,74.25918918918919,0.0
C006,202509,80,23051.06,0,0,0.0,370,0.0,0.0,0.0,62.30016216216217,0.0
C006,202510,93,29160.25,4,4,4116.41,370,1.0,1.0810810810810811,1.0810810810810811,78.81148648648649,11.125432432432431
C006,202511,107,27745.91,1,1,780.95,370,1.0,0.2702702702702703,0.2702702702702703,74.98894594594594,2.110675675675676
C006,202512,108,30452.32,5,5,5036.4,370,1.0,1.3513513513513513,1.3513513513513513,82.30356756756757,13.61189189189189
C007,202501,125,39111.85,2,2,7327.71,471,1.0,0.42462845010615713,0.42462845010615713,83.0400212314225,15.557770700636942
C007,202502,112,26677.15,1,1,1617.87,471,1.0,0.21231422505307856,0.21231422505307856,56.63938428874735,3.434968152866242
C007,202503,135,43529.5,3,2,4463.16,471,0.6666666666666666,0.6369426751592357,0.42462845010615713,92.41932059447983,9.475923566878981
C007,202504,138,43341.28,2,1,91.82,471,0.5,0.42462845010615713,0.21231422505307856,92.01970276008493,0.1949469214437367
C007,202505,113,34790.7,1,1,4027.47,471,1.0,0.21231422505307856,0.21231422505307856,73.8656050955414,8.550891719745222
C007,202506,121,27128.46,1,1,989.65,471,1.0,0.21231422505307856,0.21231422505307856,57.59757961783439,2.101167728237792
C007,202507,127,30716.87,1,1,1858.07,471,1.0,0.21231422505307856,0.21231422505307856,65.21628450106157,3.9449469214437367
C007,202508,137,33921.92,2,2,3474.45,471,1.0,0.42462845010615713,0.42462845010615713,72.02106157112526,7.376751592356688
C007,202509,117,36539.05,2,2,5477.7,471,1.0,0.42462845010615713,0.42462845010615713,77.57760084925691,11.629936305732484
C007,202510,148,37940.36,2,2,4685.25,471,1.0,0.42462845010615713,0.42462845010615713,80.5527813163482,9.947452229299364
C007,202511,122,37085.61,1,1,1920.6,471,1.0,0.21231422505307856,0.21231422505307856,78.73802547770701,4.077707006369427
C007,202512,123,32242.15,3,3,3899.76,471,1.0,0.6369426751592357,0.6369426751592357,68.45467091295117,8.279745222929936
C008,202501,210,56232.14,2,2,3445.7700000000004,816,1.0,0.24509803921568626,0.24509803921568626,68.9119362745098,4.222757352941177
C008,202502,194,52516.72,3,2,4066.7000000000003,816,0.6666666666666666,0.3676470588235294,0.24509803921568626,64.35872549019608,4.9837009803921575
C008,202503,214,56887.15,1,1,1008.65,816,1.0,0.12254901960784313,0.12254901960784313,69.71464460784314,1.2360906862745098
C008,202504,212,62215.64,4,4,7440.64,816,1.0,0.49019607843137253,0.49019607843137253,76.2446568627451,9.11843137254902
C008,202505,200,60527.96,2,2,10473.01,816,1.0,0.24509803921568626,0.24509803921568626,74.17642156862745,12.834571078431372
C008,202506,202,56073.51,5,4,6998.58,816,0.8,0.6127450980392157,0.49019607843137253,68.71753676470588,8.576691176470588
C008,202507,213,67287.71,3,2,3484.4799999999996,816,0.6666666666666666,0.3676470588235294,0.24509803921568626,82.46042892156864,4.270196078431372
C008,202508,216,67238.87,5,4,11993.619999999999,816,0.8,0.6127450980392157,0.49019607843137253,82.40057598039215,14.698063725490195
C008,202509,208,63443.52,5,4,7245.16,816,0.8,0.6127450980392157,0.49019607843137253,77.74941176470588,8.878872549019608
C008,202510,249,67401.86,1,1,931.85,816,1.0,0.12254901960784313,0.12254901960784313,82.60031862745097,1.1419730392156864
C008,202511,199,48467.63,1,1,823.0,816,1.0,0.12254901960784313,0.12254901960784313,59.39660539215686,1.008578431372549
C008,202512,231,65883.86,4,4,6996.89,816,1.0,0.49019607843137253,0.49019607843137253,80.74002450980392,8.574620098039215
C009,202501,152,42578.45,3,3,5449.2,564,1.0,0.5319148936170213,0.5319148936170213,75.49370567375885,9.661702127659574
C009,202502,138,40148.46,3,3,5508.68,564,1.0,0.5319148936170213,0.5319148936170213,71.18521276595744,9.767163120567377
C009,202503,167,42522.72,0,0,0.0,564,0.0,0.0,0.0,75.39489361702128,0.0
C009,202504,130,41727.15,5,5,10586.17,564,1.0,0.8865248226950355,0.8865248226950355,73.9843085106383,18.769804964539006
C009,202505,148,38074.42,1,1,399.16,564,1.0,0.1773049645390071,0.1773049645390071,67.50783687943262,0.7077304964539007
C009,202506,163,45792.18,5,4,4545.9,564,0.8,0.8865248226950355,0.7092198581560284,81.1918085106383,8.060106382978724
C009,202507,140,41351.96,3,3,4624.12,564,1.0,0.5319148936170213,0.5319148936170213,73.3190780141844,8.198794326241135
C009,202508,143,36605.73,0,0,0.0,564,0.0,0.0,0.0,64.90377659574469,0.0
C009,202509,145,39919.56,5,5,6041.84,564,1.0,0.8865248226950355,0.8865248226950355,70.77936170212766,10.712482269503546
C009,202510,148,31740.99,0,0,0.0,564,0.0,0.0,0.0,56.27835106382979,0.0
C009,202511,152,44385.87,7,7,9079.869999999999,564,1.0,1.2411347517730498,1.2411347517730498,78.69835106382979,16.09906028368794
C009,202512,180,45129.25,0,0,0.0,564,0.0,0.0,0.0,80.01640070921985,0.0
C010,202501,196,58047.43,3,2,1557.0,680,0.6666666666666666,0.4411764705882353,0.29411764705882354,85.36386764705883,2.289705882352941
C010,202502,180,53675.81,3,2,1277.4299999999998,680,0.6666666666666666,0.4411764705882353,0.29411764705882354,78.93501470588235,1.8785735294117645
C010,202503,199,53927.02,2,1,1267.13,680,0.5,0.29411764705882354,0.14705882352941177,79.30444117647059,1.8634264705882355
C010,202504,172,52025.21,4,3,4720.82,680,0.75,0.5882352941176471,0.4411764705882353,76.50766176470589,6.942382352941176
C010,202505,180,52775.86,2,2,3547.15,680,1.0,0.29411764705882354,0.29411764705882354,77.6115588235294,5.21639705882353
C010,202506,181,48551.46,2,2,2140.7,680,1.0,0.29411764705882354,0.29411764705882354,71.39920588235294,3.1480882352941175
C010,202507,189,52073.43,3,2,5458.4800000000005,680,0.6666666666666666,0.4411764705882353,0.29411764705882354,76.57857352941177,8.027176470588236
C010,202508,215,60934.12,4,3,2021.53,680,0.75,0.5882352941176471,0.4411764705882353,89.60900000000001,2.9728382352941174
C010,202509,174,49077.94,3,2,3638.87,680,0.6666666666666666,0.4411764705882353,0.29411764705882354,72.17344117647059,5.351279411764706
C010,202510,177,46356.51,2,2,4479.58,680,1.0,0.29411764705882354,0.29411764705882354,68.17133823529412,6.587617647058823
C010,202511,189,48074.01,1,1,2255.48,680,1.0,0.14705882352941177,0.14705882352941177,70.69707352941177,3.3168823529411764
C010,202512,207,62480.45,3,3,4510.29,680,1.0,0.4411764705882353,0.4411764705882353,91.88301470588235,6.632779411764706
C011,202501,223,60349.05,5,5,6825.85,808,1.0,0.6188118811881188,0.6188118811881188,74.68941831683169,8.447834158415843
C011,202502,193,62115.53,6,5,12749.48,808,0.8333333333333334,0.7425742574257426,0.6188118811881188,76.87565594059406,15.779059405940593
C011,202503,230,59785.8,2,1,1581.35,808,0.5,0.24752475247524752,0.12376237623762376,73.99232673267328,1.9571163366336632
C011,202504,220,58290.44,6,6,6625.71,808,1.0,0.7425742574257426,0.7425742574257426,72.14163366336633,8.200136138613862
C011,202505,211,56192.270000000004,2,2,2558.04,808,1.0,0.24752475247524752,0.24752475247524752,69.54488861386139,3.1658910891089107
C011,202506,199,52135.74,4,4,3467.71,808,1.0,0.49504950495049505,0.49504950495049505,64.5244306930693,4.291720297029703
C011,202507,219,61051.05,3,2,648.84,808,0.6666666666666666,0.3712871287128713,0.24752475247524752,75.5582301980198,0.8030198019801981
C011,202508,233,59181.9,2,2,3573.99,808,1.0,0.24752475247524752,0.24752475247524752,73.24492574257425,4.423254950495049
C011,202509,229,56420.25,0,0,0.0,808,0.0,0.0,0.0,69.82704207920793,0.0
C011,202510,246,71519.76,2,0,0.0,808,0.0,0.24752475247524752,0.0,88.51455445544553,0.0
C011,202511,226,61446.17,6,6,7381.38,808,1.0,0.7425742574257426,0.7425742574257426,76.0472400990099,9.135371287128713
C011,202512,250,73002.41,6,6,8642.11,808,1.0,0.7425742574257426,0.7425742574257426,90.34951732673268,10.695680693069308
C012,202501,132,43842.07,3,3,7031.26,437,1.0,0.6864988558352403,0.6864988558352403,100.32510297482837,16.08983981693364
C012,202502,113,30291.64,0,0,0.0,437,0.0,0.0,0.0,69.31725400457665,0.0
C012,202503,144,39893.4,2,2,2389.86,437,1.0,0.4576659038901602,0.4576659038901602,91.28924485125859,5.468787185354691
C012,202504,114,35068.55,1,1,1488.95,437,1.0,0.2288329519450801,0.2288329519450801,80.2483981693364,3.40720823798627
C012,202505,105,28219.04,1,1,753.44,437,1.0,0.2288329519450801,0.2288329519450801,64.57446224256293,1.7241189931350116
C012,202506,129,31230.03,2,2,2361.96,437,1.0,0.4576659038901602,0.4576659038901602,71.4645995423341,5.404942791762013
C012,202507,111,30384.24,2,2,2764.92,437,1.0,0.4576659038901602,0.4576659038901602,69.5291533180778,6.327048054919909
C012,202508,118,30683.15,3,2,2283.21,437,0.6666666666666666,0.6864988558352403,0.4576659038901602,70.21315789473685,5.224736842105263
C012,202509,107,30737.24,2,2,2269.31,437,1.0,0.4576659038901602,0.4576659038901602,70.33693363844394,5.192929061784897
C012,202510,131,37265.909999999996,2,2,1212.0,437,1.0,0.4576659038901602,0.4576659038901602,85.27668192219679,2.7734553775743707
C012,202511,97,27200.25,2,2,2157.49,437,1.0,0.4576659038901602,0.4576659038901602,62.243135011441645,4.937048054919908
C012,202512,109,24427.49,0,0,0.0,437,0.0,0.0,0.0,55.89814645308925,0.0
C013,202501,179,39752.32,4,4,2486.91,722,1.0,0.554016620498615,0.554016620498615,55.05861495844875,3.444473684210526
C013,202502,178,46492.65,3,3,4124.639999999999,722,1.0,0.41551246537396125,0.41551246537396125,64.39425207756233,5.712797783933517
C013,202503,176,46501.0,1,1,2788.33,722,1.0,0.13850415512465375,0.13850415512465375,64.40581717451524,3.8619529085872575
C013,202504,203,54365.92,4,4,7280.65,722,1.0,0.554016620498615,0.554016620498615,75.29905817174514,10.084002770083101
C013,202505,199,51066.33,3,3,4710.71,722,1.0,0.41551246537396125,0.41551246537396125,70.72898891966759,6.524529085872576
C013,202506,168,47559.58,4,4,5136.450000000001,722,1.0,0.554016620498615,0.554016620498615,65.8719944598338,7.114196675900278
C013,202507,200,60586.83,6,6,9125.78,722,1.0,0.8310249307479225,0.8310249307479225,83.91527700831026,12.639584487534627
C013,202508,192,55436.73,5,4,4914.52,722,0.8,0.6925207756232686,0.554016620498615,76.78217451523547,6.806814404432133
C013,202509,189,59966.03,5,4,7949.31,722,0.8,0.6925207756232686,0.554016620498615,83.0554432132964,11.010124653739613
C013,202510,196,54501.23,4,4,6366.73,722,1.0,0.554016620498615,0.554016620498615,75.48646814404432,8.818185595567867
C013,202511,183,50015.47,4,4,4595.37,722,1.0,0.554016620498615,0.554016620498615,69.27350415512466,6.3647783933518
C013,202512,203,42557.59,0,0,0.0,722,0.0,0.0,0.0,58.94403047091412,0.0
C014,202501,120,34465.85,3,3,3476.83,449,1.0,0.6681514476614699,0.6681514476614699,76.76135857461024,7.743496659242761
C014,202502,89,19420.52,0,0,0.0,449,0.0,0.0,0.0,43.2528285077951,0.0
C014,202503,133,32383.86,0,0,0.0,449,0.0,0.0,0.0,72.12440979955457,0.0
C014,202504,131,36117.0,0,0,0.0,449,0.0,0.0,0.0,80.43875278396436,0.0
C014,202505,117,35545.93,2,2,5600.110000000001,449,1.0,0.4454342984409799,0.4454342984409799,79.16688195991091,12.472405345211582
C014,202506,105,30260.23,2,2,2697.1400000000003,449,1.0,0.4454342984409799,0.4454342984409799,67.39472160356347,6.006993318485524
C014,202507,138,35583.34,1,1,1379.6,449,1.0,0.22271714922048996,0.22271714922048996,79.25020044543429,3.0726057906458797
C014,202508,122,33182.4,0,0,0.0,449,0.0,0.0,0.0,73.90289532293987,0.0
C014,202509,115,31317.61,1,1,1982.63,449,1.0,0.22271714922048996,0.22271714922048996,69.7496881959911,4.415657015590201
C014,202510,129,35022.42,2,2,5202.200000000001,449,1.0,0.4454342984409799,0.4454342984409799,78.00093541202672,11.58619153674833
C014,202511,122,26429.78,0,0,0.0,449,0.0,0.0,0.0,58.863652561247214,0.0
C014,202512,160,42170.63,3,3,3419.2200000000003,449,1.0,0.6681514476614699,0.6681514476614699,93.92122494432071,7.615189309576838
C015,202501,127,29318.4,1,1,1927.91,480,1.0,0.20833333333333334,0.20833333333333334,61.080000000000005,4.016479166666667
C015,202502,126,35056.31,2,2,2140.46,480,1.0,0.4166666666666667,0.4166666666666667,73.03397916666667,4.459291666666667
C015,202503,135,44377.8,7,5,4127.63,480,0.7142857142857143,1.4583333333333333,1.0416666666666665,92.45375,8.599229166666667
C015,202504,124,26290.13,1,1,2479.73,480,1.0,0.20833333333333334,0.20833333333333334,54.77110416666667,5.166104166666667
C015,202505,136,33615.159999999996,1,1,519.98,480,1.0,0.20833333333333334,0.20833333333333334,70.03158333333333,1.0832916666666668
C015,202506,136,41057.02,2,2,5158.96,480,1.0,0.4166666666666667,0.4166666666666667,85.53545833333332,10.747833333333334
C015,202507,128,41361.11,2,0,0.0,480,0.0,0.4166666666666667,0.0,86.16897916666667,0.0
C015,202508,134,32209.73,2,2,1082.03,480,1.0,0.4166666666666667,0.4166666666666667,67.10360416666667,2.2542291666666667
C015,202509,128,37427.55,4,4,6303.61,480,1.0,0.8333333333333334,0.8333333333333334,77.9740625,13.132520833333333
C015,202510,131,37965.59,5,4,2215.88,480,0.8,1.0416666666666665,0.8333333333333334,79.09497916666666,4.616416666666667
C015,202511,111,32721.39,4,3,3168.99,480,0.75,0.8333333333333334,0.625,68.1695625,6.6020625
C015,202512,124,35510.57,2,1,324.44,480,0.5,0.4166666666666667,0.20833333333333334,73.98035416666667,0.6759166666666666
C016,202501,153,41246.23,2,2,2794.01,658,1.0,0.303951367781155,0.303951367781155,62.68424012158055,4.246215805471125
C016,202502,158,39533.659999999996,2,2,2463.4300000000003,658,1.0,0.303951367781155,0.303951367781155,60.08155015197568,3.743814589665654
C016,202503,172,49353.9,5,5,4209.82,658,1.0,0.7598784194528876,0.7598784194528876,75.00592705167173,6.39790273556231
C016,202504,189,49145.67,2,2,4069.0,658,1.0,0.303951367781155,0.303951367781155,74.68946808510638,6.183890577507599
C016,202505,185,54198.590000000004,6,6,6745.13,658,1.0,0.911854103343465,0.911854103343465,82.36867781155016,10.250957446808512
C016,202506,151,40457.16,2,1,2451.42,658,0.5,0.303951367781155,0.1519756838905775,61.48504559270517,3.725562310030395
C016,202507,182,47425.24,2,2,3602.64,658,1.0,0.303951367781155,0.303951367781155,72.07483282674772,5.475136778115501
C016,202508,154,37358.5,2,2,3234.6899999999996,658,1.0,0.303951367781155,0.303951367781155,56.775835866261396,4.915942249240121
C016,202509,169,47661.44,4,4,5501.110000000001,658,1.0,0.60790273556231,0.60790273556231,72.43379939209727,8.36034954407295
C016,202510,168,47136.3,3,3,3689.4700000000003,658,1.0,0.4559270516717325,0.4559270516717325,71.63571428571429,5.60709726443769
C016,202511,153,42842.22,1,1,4750.92,658,1.0,0.1519756838905775,0.1519756838905775,65.10975683890578,7.220243161094225
C016,202512,178,50283.090000000004,5,4,3741.8,658,0.8,0.7598784194528876,0.60790273556231,76.4180699088146,5.68662613981763
C017,202501,191,47680.28,2,1,1468.59,693,0.5,0.2886002886002886,0.1443001443001443,68.80271284271284,2.1191774891774893
C017,202502,159,37919.91,0,0,0.0,693,0.0,0.0,0.0,54.718484848484856,0.0
C017,202503,213,56899.42,3,2,4179.99,693,0.6666666666666666,0.4329004329004329,0.2886002886002886,82.10594516594516,6.031731601731601
C017,202504,210,54980.92,1,1,720.26,693,1.0,0.1443001443001443,0.1443001443001443,79.3375468975469,1.0393362193362192
C017,202505,165,50678.6,4,4,6802.280000000001,693,1.0,0.5772005772005772,0.5772005772005772,73.12929292929293,9.815699855699856
C017,202506,209,65635.15,5,3,7095.299999999999,693,0.6,0.7215007215007215,0.4329004329004329,94.71161616161615,10.238528138528137
C017,202507,177,45183.21,1,1,1092.19,693,1.0,0.1443001443001443,0.1443001443001443,65.19943722943722,1.5760317460317461
C017,202508,200,47198.03,3,3,2519.82,693,1.0,0.4329004329004329,0.4329004329004329,68.1068253968254,3.6361038961038963
C017,202509,187,59068.24,2,2,4221.4,693,1.0,0.2886002886002886,0.2886002886002886,85.23555555555555,6.091486291486291
C017,202510,206,51392.22,2,2,2184.74,693,1.0,0.2886002886002886,0.2886002886002886,74.15904761904763,3.152582972582972
C017,202511,178,48951.78,5,4,3793.04,693,0.8,0.7215007215007215,0.5772005772005772,70.63748917748917,5.473362193362194
C017,202512,169,55473.1,5,5,11535.05,693,1.0,0.7215007215007215,0.7215007215007215,80.04776334776335,16.645093795093793
C018,202501,240,69759.78,8,7,10905.98,841,0.875,0.9512485136741973,0.8323424494649228,82.94860879904876,12.967871581450654
C018,202502,188,52352.84,3,3,4747.37,841,1.0,0.356718192627824,0.356718192627824,62.25070154577883,5.644910820451843
C018,202503,225,58505.81,1,1,781.52,841,1.0,0.11890606420927466,0.11890606420927466,69.56695600475624,0.9292746730083234
C018,202504,236,67336.78,7,7,7501.78,841,1.0,0.8323424494649228,0.8323424494649228,80.06751486325803,8.920071343638526
C018,202505,226,60257.13,1,1,1425.81,841,1.0,0.11890606420927466,0.11890606420927466,71.64938168846611,1.6953745541022591
C018,202506,237,64806.11,4,4,3734.3399999999997,841,1.0,0.47562425683709864,0.47562425683709864,77.05839476813317,4.440356718192628
C018,202507,232,59376.01,4,4,1833.77,841,1.0,0.47562425683709864,0.47562425683709864,70.60167657550535,2.180463733650416
C018,202508,258,59680.28,4,4,5076.11,841,1.0,0.47562425683709864,0.47562425683709864,70.96347205707491,6.035802615933412
C018,202509,233,58537.33,1,1,661.19,841,1.0,0.11890606420927466,0.11890606420927466,69.60443519619501,0.7861950059453032
C018,202510,219,57915.55,1,1,2651.36,841,1.0,0.11890606420927466,0.11890606420927466,68.86510107015458,3.1526278240190253
C018,202511,208,54360.37,1,1,1166.43,841,1.0,0.11890606420927466,0.11890606420927466,64.63777645659928,1.3869560047562426
C018,202512,213,55205.63,1,1,1749.49,841,1.0,0.11890606420927466,0.11890606420927466,65.6428418549346,2.0802497027348394
C019,202501,227,65363.14,4,2,4308.66,763,0.5,0.5242463958060288,0.2621231979030144,85.66597640891219,5.64699868938401
C019,202502,184,45185.34,2,2,3193.51,763,1.0,0.2621231979030144,0.2621231979030144,59.220629095674965,4.185465268676278
C019,202503,215,62432.21,4,4,6548.18,763,1.0,0.5242463958060288,0.5242463958060288,81.82465268676278,8.582149410222804
C019,202504,204,53602.42,4,3,3301.1699999999996,763,0.75,0.5242463958060288,0.39318479685452157,70.25218872870249,4.32656618610747
C019,202505,211,64533.89,4,3,3425.46,763,0.75,0.5242463958060288,0.39318479685452157,84.57914809960681,4.489462647444299
C019,202506,227,60908.6,2,2,6368.129999999999,763,1.0,0.2621231979030144,0.2621231979030144,79.82778505897772,8.346173001310614
C019,202507,199,53715.49,2,2,4113.61,763,1.0,0.2621231979030144,0.2621231979030144,70.40038007863696,5.391363040629095
C019,202508,223,64756.26,3,1,2772.91,763,0.3333333333333333,0.39318479685452157,0.1310615989515072,84.87058977719528,3.634220183486238
C019,202509,184,46485.31,2,2,2800.6,763,1.0,0.2621231979030144,0.2621231979030144,60.92439056356487,3.6705111402359107
C019,202510,216,60897.02,3,2,2377.11,763,0.6666666666666666,0.39318479685452157,0.2621231979030144,79.81260812581912,3.115478374836173
C019,202511,177,48141.29,4,4,3103.04,763,1.0,0.5242463958060288,0.5242463958060288,63.09474442988205,4.066893840104849
C019,202512,201,53684.61,1,1,411.55,763,1.0,0.1310615989515072,0.1310615989515072,70.35990825688073,0.5393840104849279
C020,202501,203,50619.62,1,1,2226.14,735,1.0,0.13605442176870747,0.13605442176870747,68.870231292517,3.0287619047619048
C020,202502,167,40747.33,2,2,1443.05,735,1.0,0.27210884353741494,0.27210884353741494,55.438544217687074,1.9633333333333334
C020,202503,189,52703.09,7,5,3788.0699999999997,735,0.7142857142857143,0.9523809523809524,0.6802721088435374,71.70488435374149,5.153836734693877
C020,202504,176,43827.1,3,3,5195.93,735,1.0,0.40816326530612246,0.40816326530612246,59.62870748299319,7.0692925170068035
C020,202505,183,40232.5,2,2,1614.14,735,1.0,0.27210884353741494,0.27210884353741494,54.73809523809524,2.196108843537415
C020,202506,199,53930.0,2,2,2181.21,735,1.0,0.27210884353741494,0.27210884353741494,73.37414965986395,2.9676326530612247
C020,202507,207,54065.22,0,0,0.0,735,0.0,0.0,0.0,73.55812244897959,0.0
C020,202508,220,65328.41,3,3,6814.1900000000005,735,1.0,0.40816326530612246,0.40816326530612246,88.88219047619049,9.27100680272109
C020,202509,194,47765.72,1,1,808.27,735,1.0,0.13605442176870747,0.13605442176870747,64.98737414965987,1.0996870748299319
C020,202510,196,46619.89,2,2,1866.7199999999998,735,1.0,0.27210884353741494,0.27210884353741494,63.42842176870748,2.5397551020408162
C020,202511,186,45951.54,2,0,0.0,735,0.0,0.27210884353741494,0.0,62.51910204081633,0.0
C020,202512,187,50257.53,2,2,1026.45,735,1.0,0.27210884353741494,0.27210884353741494,68.3775918367347,1.396530612244898
C021,202501,136,41327.87,2,1,1165.61,541,0.5,0.36968576709796674,0.18484288354898337,76.39162661737524,2.1545471349353047
C021,202502,125,41082.34,3,3,5378.42,541,1.0,0.5545286506469501,0.5545286506469501,75.9377818853974,9.941626617375231
C021,202503,151,44339.38,1,1,2197.92,541,1.0,0.18484288354898337,0.18484288354898337,81.95818853974122,4.062698706099815
C021,202504,148,40220.03,0,0,0.0,541,0.0,0.0,0.0,74.34386321626617,0.0
C021,202505,155,44866.05,7,7,9301.400000000001,541,1.0,1.2939001848428837,1.2939001848428837,82.93170055452866,17.19297597042514
C021,202506,138,36670.65,2,2,3650.39,541,1.0,0.36968576709796674,0.36968576709796674,67.78308687615527,6.747486136783734
C021,202507,133,37311.87,4,3,2982.1800000000003,541,0.75,0.7393715341959335,0.5545286506469501,68.96833641404807,5.512347504621073
C021,202508,146,39866.03,2,2,1010.0,541,1.0,0.36968576709796674,0.36968576709796674,73.68951940850278,1.866913123844732
C021,202509,152,42760.66,3,2,2685.06,541,0.6666666666666666,0.5545286506469501,0.36968576709796674,79.04003696857671,4.963142329020332
C021,202510,150,37243.79,4,4,5744.26,541,1.0,0.7393715341959335,0.7393715341959335,68.84249537892791,10.617855822550831
C021,202511,137,41821.53,3,3,5422.04,541,1.0,0.5545286506469501,0.5545286506469501,77.30412199630314,10.022255083179298
C021,202512,159,42084.07,2,2,1471.0700000000002,541,1.0,0.36968576709796674,0.36968576709796674,77.78940850277264,2.7191682070240297
C022,202501,167,48948.12,3,3,4488.94,626,1.0,0.4792332268370607,0.4792332268370607,78.19188498402556,7.170830670926517
C022,202502,143,39023.65,1,1,1767.14,626,1.0,0.1597444089456869,0.1597444089456869,62.338099041533546,2.8229073482428118
C022,202503,169,44876.0,2,1,382.17,626,0.5,0.3194888178913738,0.1597444089456869,71.68690095846645,0.6104952076677317
C022,202504,188,53184.13,2,2,2903.3500000000004,626,1.0,0.3194888178913738,0.3194888178913738,84.95867412140575,4.637939297124602
C022,202505,172,36565.16,0,0,0.0,626,0.0,0.0,0.0,58.41079872204473,0.0
C022,202506,161,45654.0,2,2,6970.709999999999,626,1.0,0.3194888178913738,0.3194888178913738,72.9297124600639,11.13531948881789
C022,202507,177,46605.55,4,4,7436.97,626,1.0,0.6389776357827476,0.6389776357827476,74.44976038338659,11.880143769968052
C022,202508,196,52576.84,1,1,709.37,626,1.0,0.1597444089456869,0.1597444089456869,83.98856230031949,1.1331789137380193
C022,202509,173,50301.45,6,4,6300.11,626,0.6666666666666666,0.9584664536741214,0.6389776357827476,80.35375399361021,10.064073482428114
C022,202510,163,43554.56,3,2,3572.1800000000003,626,0.6666666666666666,0.4792332268370607,0.3194888178913738,69.57597444089457,5.7063578274760385
C022,202511,175,41347.12,3,3,3425.32,626,1.0,0.4792332268370607,0.4792332268370607,66.0497124600639,5.471757188498403
C022,202512,161,44096.8,2,1,1067.68,626,0.5,0.3194888178913738,0.1597444089456869,70.44217252396166,1.70555910543131
C023,202501,145,39327.2,6,4,5784.75,510,0.6666666666666666,1.1764705882352942,0.7843137254901961,77.1121568627451,11.342647058823529
C023,202502,112,31193.94,2,2,1608.3400000000001,510,1.0,0.39215686274509803,0.39215686274509803,61.16458823529412,3.153607843137255
C023,202503,121,35206.49,2,2,1984.2400000000002,510,1.0,0.39215686274509803,0.39215686274509803,69.03233333333333,3.890666666666667
C023,202504,126,33351.7,1,1,1002.62,510,1.0,0.19607843137254902,0.19607843137254902,65.39549019607843,1.965921568627451
C023,202505,124,31371.88,0,0,0.0,510,0.0,0.0,0.0,61.513490196078436,0.0
C023,202506,137,42959.75,3,2,4947.3,510,0.6666666666666666,0.5882352941176471,0.39215686274509803,84.23480392156863,9.700588235294118
C023,202507,127,43117.1,4,3,4977.69,510,0.75,0.7843137254901961,0.5882352941176471,84.54333333333334,9.760176470588235
C023,202508,137,36645.05,2,2,3739.17,510,1.0,0.39215686274509803,0.39215686274509803,71.85303921568628,7.331705882352941
C023,202509,146,39821.95,0,0,0.0,510,0.0,0.0,0.0,78.08225490196078,0.0
C023,202510,125,34884.26,2,2,3238.52,510,1.0,0.39215686274509803,0.39215686274509803,68.40050980392158,6.350039215686275
C023,202511,136,39665.59,2,2,2947.29,510,1.0,0.39215686274509803,0.39215686274509803,77.77566666666667,5.779
C023,202512,128,30177.65,0,0,0.0,510,0.0,0.0,0.0,59.17186274509804,0.0
C024,202501,204,54809.79,4,3,2145.68,809,0.75,0.4944375772558714,0.3708281829419036,67.75004944375773,2.652262051915945
C024,202502,225,70120.38,5,4,6570.02,809,0.8,0.6180469715698393,0.4944375772558714,86.67537700865266,8.121161928306552
C024,202503,214,56176.63,4,4,5187.92,809,1.0,0.4944375772558714,0.4944375772558714,69.43959208899877,6.412756489493201
C024,202504,241,67336.05,2,0,0.0,809,0.0,0.2472187886279357,0.0,83.23368355995056,0.0
C024,202505,211,58531.77,3,1,1361.47,809,0.3333333333333333,0.3708281829419036,0.12360939431396785,72.35076637824474,1.6829048207663784
C024,202506,209,47480.42,4,3,2921.48,809,0.75,0.4944375772558714,0.3708281829419036,58.69025957972806,3.6112237330037082
C024,202507,248,62259.86,5,5,5474.92,809,1.0,0.6180469715698393,0.6180469715698393,76.95903584672435,6.767515451174289
C024,202508,228,63461.13,1,1,1622.05,809,1.0,0.12360939431396785,0.12360939431396785,78.44391841779975,2.0050061804697155
C024,202509,225,65289.31,4,4,7187.31,809,1.0,0.4944375772558714,0.4944375772558714,80.70372064276884,8.884190358467244
C024,202510,200,46474.46,1,1,2315.84,809,1.0,0.12360939431396785,0.12360939431396785,57.44679851668727,2.8625957972805933
C024,202511,203,51758.76,1,0,0.0,809,0.0,0.12360939431396785,0.0,63.97868974042027,0.0
C024,202512,244,72196.27,9,8,13221.17,809,0.8888888888888888,1.1124845488257107,0.9888751545117428,89.24137206427689,16.342608158220024
C025,202501,177,53981.57,6,4,6370.0599999999995,663,0.6666666666666666,0.904977375565611,0.603318250377074,81.42016591251885,9.607933634992458
C025,202502,167,42550.78,1,1,1061.66,663,1.0,0.1508295625942685,0.1508295625942685,64.17915535444946,1.6012971342383109
C025,202503,166,40896.15,4,4,4019.81,663,1.0,0.603318250377074,0.603318250377074,61.68348416289593,6.063061840120664
C025,202504,164,47213.27,2,2,1603.85,663,1.0,0.301659125188537,0.301659125188537,71.21156862745097,2.419079939668175
C025,202505,201,56737.27,4,4,5683.12,663,1.0,0.603318250377074,0.603318250377074,85.57657616892911,8.57182503770739
C025,202506,167,41938.74,2,2,2567.99,663,1.0,0.301659125188537,0.301659125188537,63.25601809954751,3.8732880844645545
C025,202507,175,45059.3,2,2,2094.92,663,1.0,0.301659125188537,0.301659125188537,67.96274509803922,3.1597586726998492
C025,202508,176,48611.36,5,5,6894.34,663,1.0,0.7541478129713424,0.7541478129713424,73.32030165912519,10.39870286576169
C025,202509,143,37512.89,3,3,8106.92,663,1.0,0.4524886877828055,0.4524886877828055,56.580527903469076,12.22763197586727
C025,202510,178,48495.48,4,3,3255.59,663,0.75,0.603318250377074,0.4524886877828055,73.14552036199096,4.910392156862745
C025,202511,177,46030.04,1,1,1208.41,663,1.0,0.1508295625942685,0.1508295625942685,69.42690799396682,1.8226395173453998
C025,202512,180,43389.53,0,0,0.0,663,0.0,0.0,0.0,65.4442383107089,0.0
C026,202501,102,25238.579999999998,1,1,1040.37,371,1.0,0.2695417789757413,0.2695417789757413,68.02851752021563,2.804231805929919
C026,202502,98,28780.12,2,1,382.01,371,0.5,0.5390835579514826,0.2695417789757413,77.5744474393531,1.0296765498652292
C026,202503,105,29583.38,0,0,0.0,371,0.0,0.0,0.0,79.73956873315365,0.0
C026,202504,91,25170.34,3,3,5208.34,371,1.0,0.8086253369272237,0.8086253369272237,67.84458221024259,14.038652291105121
C026,202505,104,25824.94,1,1,535.29,371,1.0,0.2695417789757413,0.2695417789757413,69.60900269541779,1.4428301886792452
C026,202506,109,29206.88,2,2,2027.79,371,1.0,0.5390835579514826,0.5390835579514826,78.72474393530997,5.465741239892183
C026,202507,97,24731.08,3,2,3048.51,371,0.6666666666666666,0.8086253369272237,0.5390835579514826,66.66059299191375,8.21700808625337
C026,202508,85,23790.9,0,0,0.0,371,0.0,0.0,0.0,64.12641509433962,0.0
C026,202509,100,25114.84,2,2,2617.59,371,1.0,0.5390835579514826,0.5390835579514826,67.69498652291105,7.055498652291106
C026,202510,97,24445.56,4,4,3931.05,371,1.0,1.078167115902965,1.078167115902965,65.89099730458221,10.595822102425876
C026,202511,82,17989.65,0,0,0.0,371,0.0,0.0,0.0,48.489622641509435,0.0
C026,202512,107,33371.57,2,2,4125.96,371,1.0,0.5390835579514826,0.5390835579514826,89.95032345013477,11.121185983827493
C027,202501,193,55162.54,3,2,3421.1099999999997,602,0.6666666666666666,0.4983388704318937,0.33222591362126247,91.63212624584718,5.682906976744185
C027,202502,152,43345.39,4,4,4820.0,602,1.0,0.6644518272425249,0.6644518272425249,72.00230897009966,8.006644518272426
C027,202503,139,37658.65,4,4,2637.8,602,1.0,0.6644518272425249,0.6644518272425249,62.55589700996678,4.381727574750831
C027,202504,136,40234.97,0,0,0.0,602,0.0,0.0,0.0,66.83549833887044,0.0
C027,202505,181,42432.41,2,2,1401.27,602,1.0,0.33222591362126247,0.33222591362126247,70.48573089700997,2.327691029900332
C027,202506,169,40267.62,2,2,1194.53,602,1.0,0.33222591362126247,0.33222591362126247,66.8897342192691,1.9842691029900332
C027,202507,154,45770.86,4,4,5311.639999999999,602,1.0,0.6644518272425249,0.6644518272425249,76.03132890365448,8.823322259136212
C027,202508,169,39793.74,0,0,0.0,602,0.0,0.0,0.0,66.10255813953488,0.0
C027,202509,160,44266.06,1,0,0.0,602,0.0,0.16611295681063123,0.0,73.5316611295681,0.0
C027,202510,163,52380.840000000004,2,2,2006.0700000000002,602,1.0,0.33222591362126247,0.33222591362126247,87.01136212624586,3.3323421926910304
C027,202511,178,52302.5,2,2,7049.0,602,1.0,0.33222591362126247,0.33222591362126247,86.8812292358804,11.709302325581396
C027,202512,157,40574.12,4,3,2227.19,602,0.75,0.6644518272425249,0.4983388704318937,67.3988704318937,3.6996511627906976
C028,202501,212,53834.18,2,2,2556.37,824,1.0,0.24271844660194172,0.24271844660194172,65.3327427184466,3.102390776699029
C028,202502,186,44930.94,2,2,1269.5,824,1.0,0.24271844660194172,0.24271844660194172,54.527839805825245,1.5406553398058251
C028,202503,228,64432.36,1,1,1349.16,824,1.0,0.12135922330097086,0.12135922330097086,78.19461165048544,1.6373300970873788
C028,202504,219,63955.13,5,5,9582.26,824,1.0,0.6067961165048543,0.6067961165048543,77.61544902912621,11.628956310679612
C028,202505,233,66064.12,8,8,13714.8,824,1.0,0.9708737864077669,0.9708737864077669,80.17490291262135,16.64417475728155
C028,202506,217,63944.65,6,6,8203.49,824,1.0,0.7281553398058253,0.7281553398058253,77.60273058252427,9.955691747572816
C028,202507,227,62871.56,5,5,7216.5599999999995,824,1.0,0.6067961165048543,0.6067961165048543,76.30043689320388,8.757961165048544
C028,202508,222,56927.1,2,2,3833.7400000000002,824,1.0,0.24271844660194172,0.24271844660194172,69.08628640776699,4.652597087378641
C028,202509,218,59908.78,3,3,3522.7200000000003,824,1.0,0.3640776699029126,0.3640776699029126,72.70483009708738,4.275145631067962
C028,202510,216,70066.59,2,1,1051.86,824,0.5,0.24271844660194172,0.12135922330097086,85.03226941747572,1.276529126213592
C028,202511,197,52513.86,4,4,4124.99,824,1.0,0.48543689320388345,0.48543689320388345,63.73041262135922,5.0060558252427185
C028,202512,239,65769.69,2,2,3229.04,824,1.0,0.24271844660194172,0.24271844660194172,79.81758495145631,3.91873786407767
C029,202501,105,26951.329999999998,2,2,1865.61,408,1.0,0.49019607843137253,0.49019607843137253,66.05718137254901,4.572573529411764
C029,202502,102,23984.1,2,2,3213.1800000000003,408,1.0,0.49019607843137253,0.49019607843137253,58.78455882352941,7.875441176470589
C029,202503,121,33769.78,0,0,0.0,408,0.0,0.0,0.0,82.76906862745098,0.0
C029,202504,107,24660.56,0,0,0.0,408,0.0,0.0,0.0,60.442549019607846,0.0
C029,202505,101,29841.28,3,3,3656.25,408,1.0,0.7352941176470588,0.7352941176470588,73.14039215686275,8.961397058823529
C029,202506,99,22059.98,1,1,1249.05,408,1.0,0.24509803921568626,0.24509803921568626,54.06857843137255,3.061397058823529
C029,202507,120,28467.78,0,0,0.0,408,0.0,0.0,0.0,69.77397058823529,0.0
C029,202508,105,23919.55,1,1,970.28,408,1.0,0.24509803921568626,0.24509803921568626,58.626348039215685,2.3781372549019606
C029,202509,101,28444.94,3,3,4318.54,408,1.0,0.7352941176470588,0.7352941176470588,69.71799019607843,10.584656862745097
C029,202510,104,25566.01,0,0,0.0,408,0.0,0.0,0.0,62.66178921568627,0.0
C029,202511,98,24983.920000000002,1,1,1487.13,408,1.0,0.24509803921568626,0.24509803921568626,61.23509803921569,3.6449264705882354
C029,202512,123,32896.63,2,2,1719.88,408,1.0,0.49019607843137253,0.49019607843137253,80.62899509803921,4.2153921568627455
C030,202501,207,53834.83,6,5,6016.4400000000005,860,0.8333333333333334,0.6976744186046512,0.5813953488372093,62.59863953488372,6.995860465116279
C030,202502,235,60932.37,1,1,726.46,860,1.0,0.11627906976744186,0.11627906976744186,70.85159302325582,0.8447209302325582
C030,202503,195,49878.96,2,2,890.8299999999999,860,1.0,0.23255813953488372,0.23255813953488372,57.998790697674416,1.0358488372093022
C030,202504,225,60320.26,3,3,5417.33,860,1.0,0.3488372093023256,0.3488372093023256,70.13983720930233,6.299220930232558
C030,202505,236,64309.96,4,3,7579.2,860,0.75,0.46511627906976744,0.3488372093023256,74.77902325581395,8.813023255813953
C030,202506,260,73296.29,5,5,5125.89,860,1.0,0.5813953488372093,0.5813953488372093,85.22824418604651,5.960337209302326
C030,202507,224,60732.17,6,5,7029.01,860,0.8333333333333334,0.6976744186046512,0.5813953488372093,70.6188023255814,8.173267441860466
C030,202508,265,76877.37,4,3,2805.89,860,0.75,0.46511627906976744,0.3488372093023256,89.39229069767441,3.262662790697674
C030,202509,255,62308.24,3,2,1571.4,860,0.6666666666666666,0.3488372093023256,0.23255813953488372,72.45144186046511,1.8272093023255815
C030,202510,232,72947.84,6,5,11515.779999999999,860,0.8333333333333334,0.6976744186046512,0.5813953488372093,84.82306976744185,13.390441860465115
C030,202511,206,51347.74,4,3,3758.0,860,0.75,0.46511627906976744,0.3488372093023256,59.70667441860465,4.369767441860465
C030,202512,252,67745.75,4,4,8818.09,860,1.0,0.46511627906976744,0.46511627906976744,78.77412790697674,10.253593023255814
