company_id,period,total_claims,total_cost,total_er_visits,avoidable_er_visits,avoidable_er_cost,member_count,avoidable_er_rate,er_visits_per_100_members,avoidable_er_per_100_members,cost_per_member,avoidable_cost_per_member,U_score,H_score,E_score,IVI,risk_band
C001,202501,126,32858.97,3,3,4792.53,452,1.0,0.6637168141592921,0.6637168141592921,72.69683628318585,10.602942477876104,15.686243709577695,50.0,50.0,29.41174622574662,High Risk
C001,202502,103,27656.01,2,2,1817.14,452,1.0,0.4424778761061947,0.4424778761061947,61.1858628318584,4.020221238938053,28.171320479003768,50.0,50.0,36.902792287402264,High Risk
C001,202503,120,28262.68,0,0,0.0,452,0.0,0.0,0.0,62.528053097345136,0.0,100.0,50.0,50.0,80.0,Low Risk
C001,202504,115,29451.02,0,0,0.0,452,0.0,0.0,0.0,65.1571238938053,0.0,100.0,50.0,50.0,80.0,Low Risk
C001,202505,106,27270.6,2,1,1104.58,452,0.5,0.4424778761061947,0.2212389380530973,60.33318584070796,2.4437610619469026,68.20107809194197,50.0,50.0,60.92064685516518,Medium Risk
C001,202506,126,33544.590000000004,0,0,0.0,452,0.0,0.0,0.0,74.2136946902655,0.0,100.0,50.0,50.0,80.0,Low Risk
C001,202507,123,36567.96,3,3,3974.67,452,1.0,0.6637168141592921,0.6637168141592921,80.90256637168142,8.793517699115045,14.32884978005461,50.0,50.0,28.597309868032767,High Risk
C001,202508,147,35698.65,2,2,1243.52,452,1.0,0.4424778761061947,0.4424778761061947,78.97931415929204,2.751150442477876,38.93494390833721,50.0,50.0,43.360966345002325,High Risk
C001,202509,112,27474.54,1,1,707.42,452,1.0,0.2212389380530973,0.2212389380530973,60.78438053097345,1.5650884955752211,43.881955771571995,50.0,50.0,46.329173462943196,High Risk
C001,202510,126,34424.91,3,2,1303.71,452,0.6666666666666666,0.6637168141592921,0.4424778761061947,76.1613053097345,2.8843141592920354,51.366759370293536,50.0,50.0,50.82005562217612,High Risk
C001,202511,114,30589.64,0,0,0.0,452,0.0,0.0,0.0,67.67619469026549,0.0,100.0,50.0,50.0,80.0,Low Risk
C001,202512,126,30404.63,2,2,1756.82,452,1.0,0.4424778761061947,0.4424778761061947,67.26688053097345,3.886769911504425,37.526417295099826,50.0,50.0,42.51585037705989,High Risk
C002,202501,236,69793.7,6,6,6009.07,785,1.0,0.7643312101910829,0.7643312101910829,88.9091719745223,7.654866242038216,14.50260095837647,50.0,50.0,28.70156057502588,High Risk
C002,202502,174,43827.55,1,1,141.34,785,1.0,0.1273885350318471,0.1273885350318471,55.83127388535032,0.1800509554140127,48.51488472013082,50.0,50.0,49.10893083207849,High Risk
C002,202503,222,63913.71,2,2,2261.4,785,1.0,0.2547770700636942,0.2547770700636942,81.41873885350319,2.880764331210192,40.359314068584574,50.0,50.0,44.21558844115074,High Risk
C002,202504,200,52862.75,4,3,2463.05,785,0.75,0.5095541401273885,0.3821656050955414,67.34108280254777,3.1376433121019103,47.44225085039009,50.0,50.0,48.46535051023405,High Risk
C002,202505,211,57196.55,3,3,2014.85,785,1.0,0.3821656050955414,0.3821656050955414,72.86184713375796,2.566687898089172,40.8988132443137,50.0,50.0,44.53928794658822,High Risk
C002,202506,212,58759.53,5,4,6897.52,785,0.8,0.6369426751592357,0.5095541401273885,74.85290445859873,8.786649681528663,23.72584576298129,50.0,50.0,34.23550745778877,High Risk
C002,202507,184,39926.58,3,3,1048.39,785,1.0,0.3821656050955414,0.3821656050955414,50.86188535031848,1.335528662420382,36.97295248436263,50.0,50.0,42.18377149061757,High Risk
C002,202508,211,51171.56,3,3,3473.1000000000004,785,1.0,0.3821656050955414,0.3821656050955414,65.18670063694267,4.424331210191084,38.69647353992946,50.0,50.0,43.217884123957674,High Risk
C002,202509,197,45532.28,1,1,1340.27,785,1.0,0.1273885350318471,0.1273885350318471,58.00290445859873,1.7073503184713374,47.37051390944449,50.0,50.0,48.42230834566669,High Risk
C002,202510,220,64979.22,5,3,2928.4,785,0.6,0.6369426751592357,0.3821656050955414,82.77607643312102,3.730445859872611,55.055584559112816,50.0,50.0,53.033350735467685,High Risk
C002,202511,206,51164.38,2,1,206.8,785,0.5,0.2547770700636942,0.1273885350318471,65.17755414012738,0.2634394904458599,73.48664848330787,50.0,50.0,64.09198908998472,Medium Risk
C002,202512,195,50430.52,3,2,2071.64,785,0.6666666666666666,0.3821656050955414,0.2547770700636942,64.24270063694269,2.639031847133758,59.45690062481881,50.0,50.0,55.67414037489128,Medium Risk
C003,202501,181,47944.15,1,1,2448.11,620,1.0,0.1612903225806451,0.1612903225806451,77.32927419354839,3.9485645161290326,49.68562498606342,50.0,50.0,49.81137499163805,High Risk
C003,202502,147,35159.93,3,3,2325.9,620,1.0,0.4838709677419355,0.4838709677419355,56.70956451612904,3.751451612903226,26.478896014683762,50.0,50.0,35.887337608810256,High Risk
C003,202503,164,55099.52,4,3,5116.4400000000005,620,0.75,0.6451612903225806,0.4838709677419355,88.87019354838709,8.252322580645162,32.57448266800117,50.0,50.0,39.544689600800695,High Risk
C003,202504,165,42034.83,1,1,2555.2,620,1.0,0.1612903225806451,0.1612903225806451,67.79811290322581,4.121290322580645,43.74623863786746,50.0,50.0,46.24774318272047,High Risk
C003,202505,171,50154.1,6,5,7590.18,620,0.8333333333333334,0.967741935483871,0.8064516129032258,80.89370967741935,12.242225806451613,24.650904521455463,50.0,50.0,34.790542712873275,High Risk
C003,202506,142,38854.62,1,1,2397.92,620,1.0,0.1612903225806451,0.1612903225806451,62.66874193548387,3.8676129032258064,40.30074346571166,50.0,50.0,44.180446079427,High Risk
C003,202507,147,39691.84,3,2,2281.06,620,0.6666666666666666,0.4838709677419355,0.3225806451612903,64.01909677419356,3.679129032258064,51.09304422994082,50.0,50.0,50.655826537964494,High Risk
C003,202508,165,40219.04,0,0,0.0,620,0.0,0.0,0.0,64.86941935483871,0.0,100.0,50.0,50.0,80.0,Low Risk
C003,202509,154,38126.58,1,1,449.42,620,1.0,0.1612903225806451,0.1612903225806451,61.49448387096774,0.7248709677419355,47.528325351305355,50.0,50.0,48.51699521078321,High Risk
C003,202510,167,38352.56,1,1,388.18,620,1.0,0.1612903225806451,0.1612903225806451,61.85896774193548,0.6260967741935484,48.843085979524645,50.0,50.0,49.305851587714784,High Risk
C003,202511,157,48445.72,5,3,6187.17,620,0.6,0.8064516129032258,0.4838709677419355,78.13825806451614,9.979306451612905,46.601469828051854,50.0,50.0,47.96088189683111,High Risk
C003,202512,170,50922.15,4,3,3324.45,620,0.75,0.6451612903225806,0.4838709677419355,82.13250000000001,5.362016129032257,45.80608872563192,50.0,50.0,47.48365323537915,High Risk
C004,202501,147,36751.31,1,1,396.55,456,1.0,0.219298245614035,0.219298245614035,80.59497807017543,0.8696271929824562,50.81561980287614,50.0,50.0,50.48937188172569,High Risk
C004,202502,119,31031.09,1,1,2091.59,456,1.0,0.219298245614035,0.219298245614035,68.05063596491227,4.586820175438596,38.41499432922636,50.0,50.0,43.04899659753582,High Risk
C004,202503,123,27912.29,2,1,983.88,456,0.5,0.4385964912280701,0.219298245614035,61.21116228070176,2.157631578947369,65.57765538789839,50.0,50.0,59.34659323273903,Medium Risk
C004,202504,113,28778.0,0,0,0.0,456,0.0,0.0,0.0,63.10964912280702,0.0,100.0,50.0,50.0,80.0,Low Risk
C004,202505,138,32860.82,1,1,104.31,456,1.0,0.219298245614035,0.219298245614035,72.06320175438596,0.22875,48.38325250992629,50.0,50.0,49.02995150595577,High Risk
C004,202506,137,38172.7,2,2,2555.77,456,1.0,0.4385964912280701,0.4385964912280701,83.71206140350877,5.604758771929824,23.851495582505922,50.0,50.0,34.310897349503556,High Risk
C004,202507,140,38958.86,2,2,1840.19,456,1.0,0.4385964912280701,0.4385964912280701,85.43609649122807,4.035504385964912,30.691436248494764,50.0,50.0,38.41486174909686,High Risk
C004,202508,139,41796.31,6,6,9896.63,456,1.0,1.3157894736842104,1.3157894736842104,91.6585745614035,21.70313596491228,0.0,50.0,50.0,20.0,High Risk
C004,202509,131,33782.71,1,1,2547.46,456,1.0,0.219298245614035,0.219298245614035,74.08489035087719,5.586535087719298,37.83416507616897,50.0,50.0,42.70049904570138,High Risk
C004,202510,124,35223.81,1,1,216.36,456,1.0,0.219298245614035,0.219298245614035,77.24519736842105,0.4744736842105263,47.191544126575,50.0,50.0,48.314926475945,High Risk
C004,202511,117,31212.08,3,3,3889.54,456,1.0,0.6578947368421052,0.6578947368421052,68.44754385964913,8.52969298245614,25.36683476589611,50.0,50.0,35.220100859537666,High Risk
C004,202512,111,28161.39,1,1,404.04,456,1.0,0.219298245614035,0.219298245614035,61.75743421052631,0.8860526315789474,47.589807187066114,50.0,50.0,48.55388431223967,High Risk
C005,202501,107,27185.24,2,2,2669.82,421,1.0,0.4750593824228029,0.4750593824228029,64.57301662707839,6.341615201900238,30.76896615693633,50.0,50.0,38.46137969416179,High Risk
C005,202502,83,24411.47,3,3,4649.52,421,1.0,0.7125890736342043,0.7125890736342043,57.9844893111639,11.04399049881235,6.001712504289774,50.0,50.0,23.601027502573864,High Risk
C005,202503,103,28760.22,1,1,133.18,421,1.0,0.2375296912114014,0.2375296912114014,68.31406175771971,0.3163420427553444,46.351326996696244,50.0,50.0,47.81079619801774,High Risk
C005,202504,104,30076.75,1,1,3118.04,421,1.0,0.2375296912114014,0.2375296912114014,71.44121140142518,7.406270783847981,36.84178089995983,50.0,50.0,42.105068539975896,High Risk
C005,202505,123,41305.09,6,5,10401.2,421,0.8333333333333334,1.4251781472684086,1.187648456057007,98.11185273159144,24.705938242280286,8.134542333578256,50.0,50.0,24.880725400146954,High Risk
C005,202506,112,28453.76,1,1,652.12,421,1.0,0.2375296912114014,0.2375296912114014,67.58612826603326,1.548978622327791,40.800639500419834,50.0,50.0,44.4803837002519,High Risk
C005,202507,109,34725.85,2,2,5821.96,421,1.0,0.4750593824228029,0.4750593824228029,82.48420427553444,13.828883610451308,14.992082343626286,50.0,50.0,28.995249406175773,High Risk
C005,202508,117,31021.53,0,0,0.0,421,0.0,0.0,0.0,73.68534441805225,0.0,100.0,50.0,50.0,80.0,Low Risk
C005,202509,102,24225.7,1,1,1402.9,421,1.0,0.2375296912114014,0.2375296912114014,57.54323040380048,3.3323040380047506,40.54743915337643,50.0,50.0,44.32846349202586,High Risk
C005,202510,97,28008.3,1,1,2165.06,421,1.0,0.2375296912114014,0.2375296912114014,66.52802850356295,5.142660332541568,39.62888493409202,50.0,50.0,43.77733096045522,High Risk
C005,202511,111,26564.12,1,1,439.95,421,1.0,0.2375296912114014,0.2375296912114014,63.09767220902613,1.0450118764845606,46.8286812931167,50.0,50.0,48.097208775870016,High Risk
C005,202512,112,29415.48,1,0,0.0,421,0.0,0.2375296912114014,0.0,69.87049881235154,0.0,100.0,50.0,50.0,80.0,Low Risk
C006,202501,91,25242.73,1,1,944.95,370,1.0,0.2702702702702703,0.2702702702702703,68.22359459459459,2.553918918918919,46.040201535258404,50.0,50.0,47.62412092115504,High Risk
C006,202502,80,21424.77,1,1,1350.16,370,1.0,0.2702702702702703,0.2702702702702703,57.904783783783785,3.649081081081081,37.100005195053775,50.0,50.0,42.26000311703227,High Risk
C006,202503,117,31382.35,1,1,2867.08,370,1.0,0.2702702702702703,0.2702702702702703,84.81716216216216,7.748864864864864,29.56407010618824,50.0,50.0,37.73844206371294,High Risk
C006,202504,110,24594.46,0,0,0.0,370,0.0,0.0,0.0,66.47151351351351,0.0,100.0,50.0,50.0,80.0,Low Risk
C006,202505,96,24247.8,1,1,849.15,370,1.0,0.2702702702702703,0.2702702702702703,65.5345945945946,2.295,44.4586859513318,50.0,50.0,46.67521157079908,High Risk
C006,202506,84,19957.77,1,1,1762.59,370,1.0,0.2702702702702703,0.2702702702702703,53.93991891891892,4.763756756756757,33.45288852851353,50.0,50.0,40.071733117108124,High Risk
C006,202507,100,24019.37,2,2,926.62,370,1.0,0.5405405405405406,0.5405405405405406,64.91721621621622,2.5043783783783784,28.61228115555524,50.0,50.0,37.167368693333145,High Risk
C006,202508,110,27475.9,1,0,0.0,370,0.0,0.2702702702702703,0.0,74.25918918918919,0.0,100.0,50.0,50.0,80.0,Low Risk
C006,202509,80,23051.06,0,0,0.0,370,0.0,0.0,0.0,62.30016216216217,0.0,100.0,50.0,50.0,80.0,Low Risk
C006,202510,93,29160.25,4,4,4116.41,370,1.0,1.0810810810810811,1.0810810810810811,78.81148648648649,11.125432432432431,3.383024177447136,50.0,50.0,22.02981450646828,High Risk
C006,202511,107,27745.91,1,1,780.95,370,1.0,0.2702702702702703,0.2702702702702703,74.98894594594594,2.110675675675676,44.55742598346053,50.0,50.0,46.73445559007632,High Risk
C006,202512,108,30452.32,5,5,5036.4,370,1.0,1.351351351351351,1.351351351351351,82.30356756756757,13.61189189189189,3.644559700944372,50.0,50.0,22.186735820566625,High Risk
C007,202501,125,39111.85,2,2,7327.71,471,1.0,0.4246284501061571,0.4246284501061571,83.0400212314225,15.557770700636942,21.193539128745734,50.0,50.0,32.716123477247436,High Risk
C007,202502,112,26677.15,1,1,1617.87,471,1.0,0.2123142250530785,0.2123142250530785,56.63938428874735,3.434968152866242,40.21800165848764,50.0,50.0,44.130800995092585,High Risk
C007,202503,135,43529.5,3,2,4463.16,471,0.6666666666666666,0.6369426751592357,0.4246284501061571,92.41932059447984,9.47592356687898,35.73248407643312,50.0,50.0,41.439490445859875,High Risk
C007,202504,138,43341.28,2,1,91.82,471,0.5,0.4246284501061571,0.2123142250530785,92.01970276008493,0.1949469214437367,68.88671395184306,50.0,50.0,61.332028371105835,Medium Risk
C007,202505,113,34790.7,1,1,4027.47,471,1.0,0.2123142250530785,0.2123142250530785,73.8656050955414,8.550891719745222,38.71897719841125,50.0,50.0,43.23138631904675,High Risk
C007,202506,121,27128.46,1,1,989.65,471,1.0,0.2123142250530785,0.2123142250530785,57.59757961783439,2.101167728237792,41.02088336010733,50.0,50.0,44.6125300160644,High Risk
C007,202507,127,30716.87,1,1,1858.07,471,1.0,0.2123142250530785,0.2123142250530785,65.21628450106157,3.9449469214437367,40.35265960852801,50.0,50.0,44.211595765116805,High Risk
C007,202508,137,33921.92,2,2,3474.45,471,1.0,0.4246284501061571,0.4246284501061571,72.02106157112526,7.376751592356688,33.96752179214225,50.0,50.0,40.38051307528535,High Risk
C007,202509,117,36539.05,2,2,5477.7,471,1.0,0.4246284501061571,0.4246284501061571,77.57760084925691,11.629936305732484,20.524010147375165,50.0,50.0,32.3144060884251,High Risk
C007,202510,148,37940.36,2,2,4685.25,471,1.0,0.4246284501061571,0.4246284501061571,80.5527813163482,9.947452229299364,26.39511250691514,50.0,50.0,35.83706750414908,High Risk
C007,202511,122,37085.61,1,1,1920.6,471,1.0,0.2123142250530785,0.2123142250530785,78.73802547770701,4.077707006369427,43.790765799740484,50.0,50.0,46.27445947984429,High Risk
C007,202512,123,32242.15,3,3,3899.76,471,1.0,0.6369426751592357,0.6369426751592357,68.45467091295117,8.279745222929936,26.62103663132507,50.0,50.0,35.97262197879504,High Risk
C008,202501,210,56232.14,2,2,3445.7700000000004,816,1.0,0.2450980392156862,0.2450980392156862,68.9119362745098,4.222757352941177,45.112598913139315,50.0,50.0,47.06755934788359,High Risk
C008,202502,194,52516.72,3,2,4066.7,816,0.6666666666666666,0.3676470588235294,0.2450980392156862,64.35872549019608,4.9837009803921575,51.64474698504172,50.0,50.0,50.98684819102503,High Risk
C008,202503,214,56887.15,1,1,1008.65,816,1.0,0.1225490196078431,0.1225490196078431,69.71464460784314,1.2360906862745098,48.27344484361647,50.0,50.0,48.964066906169876,High Risk
C008,202504,212,62215.64,4,4,7440.64,816,1.0,0.4901960784313725,0.4901960784313725,76.2446568627451,9.11843137254902,24.836650106936155,50.0,50.0,34.901990064161694,High Risk
C008,202505,200,60527.96,2,2,10473.01,816,1.0,0.2450980392156862,0.2450980392156862,74.17642156862745,12.834571078431372,32.691813401906785,50.0,50.0,39.61508804114407,High Risk
C008,202506,202,56073.51,5,4,6998.58,816,0.8,0.6127450980392157,0.4901960784313725,68.71753676470588,8.576691176470588,25.033426954764025,50.0,50.0,35.02005617285842,High Risk
C008,202507,213,67287.71,3,2,3484.48,816,0.6666666666666666,0.3676470588235294,0.2450980392156862,82.46042892156864,4.270196078431372,53.50152358119228,50.0,50.0,52.10091414871537,High Risk
C008,202508,216,67238.87,5,4,11993.62,816,0.8,0.6127450980392157,0.4901960784313725,82.40057598039215,14.698063725490195,32.39045188800385,50.0,50.0,39.43427113280231,High Risk
C008,202509,208,63443.52,5,4,7245.16,816,0.8,0.6127450980392157,0.4901960784313725,77.74941176470588,8.878872549019608,31.12509657164704,50.0,50.0,38.67505794298822,High Risk
C008,202510,249,67401.86,1,1,931.85,816,1.0,0.1225490196078431,0.1225490196078431,82.60031862745097,1.1419730392156864,49.32682148547301,50.0,50.0,49.5960928912838,High Risk
C008,202511,199,48467.63,1,1,823.0,816,1.0,0.1225490196078431,0.1225490196078431,59.39660539215686,1.008578431372549,50.20099085780999,50.0,50.0,50.12059451468599,High Risk
C008,202512,231,65883.86,4,4,6996.89,816,1.0,0.4901960784313725,0.4901960784313725,80.74002450980392,8.574620098039215,30.512945926394373,50.0,50.0,38.30776755583662,High Risk
C009,202501,152,42578.45,3,3,5449.2,564,1.0,0.5319148936170213,0.5319148936170213,75.49370567375885,9.661702127659574,23.548301550907883,50.0,50.0,34.12898093054473,High Risk
C009,202502,138,40148.46,3,3,5508.68,564,1.0,0.5319148936170213,0.5319148936170213,71.18521276595744,9.767163120567377,16.494208096419204,50.0,50.0,29.896524857851524,High Risk
C009,202503,167,42522.72,0,0,0.0,564,0.0,0.0,0.0,75.39489361702128,0.0,100.0,50.0,50.0,80.0,Low Risk
C009,202504,130,41727.15,5,5,10586.17,564,1.0,0.8865248226950355,0.8865248226950355,73.9843085106383,18.76980496453901,0.0,50.0,50.0,20.0,High Risk
C009,202505,148,38074.42,1,1,399.16,564,1.0,0.1773049645390071,0.1773049645390071,67.50783687943262,0.7077304964539007,49.030500057709084,50.0,50.0,49.418300034625446,High Risk
C009,202506,163,45792.18,5,4,4545.9,564,0.8,0.8865248226950355,0.7092198581560284,81.1918085106383,8.060106382978724,15.433515055209067,50.0,50.0,29.26010903312544,High Risk
C009,202507,140,41351.96,3,3,4624.12,564,1.0,0.5319148936170213,0.5319148936170213,73.3190780141844,8.198794326241135,20.740025025814468,50.0,50.0,32.44401501548868,High Risk
C009,202508,143,36605.73,0,0,0.0,564,0.0,0.0,0.0,64.90377659574469,0.0,100.0,50.0,50.0,80.0,Low Risk
C009,202509,145,39919.56,5,5,6041.84,564,1.0,0.8865248226950355,0.8865248226950355,70.77936170212766,10.712482269503546,3.6855659237747807,50.0,50.0,22.211339554264868,High Risk
C009,202510,148,31740.99,0,0,0.0,564,0.0,0.0,0.0,56.27835106382979,0.0,100.0,50.0,50.0,80.0,Low Risk
C009,202511,152,44385.87,7,7,9079.87,564,1.0,1.2411347517730498,1.2411347517730498,78.69835106382979,16.09906028368794,0.0,50.0,50.0,20.0,High Risk
C009,202512,180,45129.25,0,0,0.0,564,0.0,0.0,0.0,80.01640070921985,0.0,100.0,50.0,50.0,80.0,Low Risk
C010,202501,196,58047.43,3,2,1557.0,680,0.6666666666666666,0.4411764705882353,0.2941176470588235,85.36386764705883,2.289705882352941,75.18866312404117,50.0,50.0,65.1131978744247,Medium Risk
C010,202502,180,53675.81,3,2,1277.4299999999998,680,0.6666666666666666,0.4411764705882353,0.2941176470588235,78.93501470588235,1.8785735294117645,53.1728245956298,50.0,50.0,51.90369475737788,High Risk
C010,202503,199,53927.02,2,1,1267.13,680,0.5,0.2941176470588235,0.1470588235294117,79.30444117647059,1.8634264705882355,68.62585286447008,50.0,50.0,61.175511718682046,Medium Risk
C010,202504,172,52025.21,4,3,4720.82,680,0.75,0.5882352941176471,0.4411764705882353,76.50766176470589,6.942382352941176,40.60177164535227,50.0,50.0,44.36106298721136,High Risk
C010,202505,180,52775.86,2,2,3547.15,680,1.0,0.2941176470588235,0.2941176470588235,77.6115588235294,5.21639705882353,40.30516597249726,50.0,50.0,44.183099583498354,High Risk
C010,202506,181,48551.46,2,2,2140.7,680,1.0,0.2941176470588235,0.2941176470588235,71.39920588235294,3.148088235294117,35.208505471676574,50.0,50.0,41.12510328300594,High Risk
C010,202507,189,52073.43,3,2,5458.4800000000005,680,0.6666666666666666,0.4411764705882353,0.2941176470588235,76.57857352941177,8.027176470588236,46.00345443263566,50.0,50.0,47.602072659581395,High Risk
C010,202508,215,60934.12,4,3,2021.53,680,0.75,0.5882352941176471,0.4411764705882353,89.60900000000001,2.9728382352941174,49.95977777117185,50.0,50.0,49.97586666270311,High Risk
C010,202509,174,49077.94,3,2,3638.87,680,0.6666666666666666,0.4411764705882353,0.2941176470588235,72.17344117647059,5.351279411764706,50.23857464681536,50.0,50.0,50.14314478808922,High Risk
C010,202510,177,46356.51,2,2,4479.58,680,1.0,0.2941176470588235,0.2941176470588235,68.17133823529412,6.587617647058823,35.63865772980769,50.0,50.0,41.383194637884614,High Risk
C010,202511,189,48074.01,1,1,2255.48,680,1.0,0.1470588235294117,0.1470588235294117,70.69707352941177,3.3168823529411764,46.62415648439969,50.0,50.0,47.97449389063981,High Risk
C010,202512,207,62480.45,3,3,4510.29,680,1.0,0.4411764705882353,0.4411764705882353,91.88301470588236,6.632779411764706,34.26459223612488,50.0,50.0,40.558755341674924,High Risk
C011,202501,223,60349.05,5,5,6825.85,808,1.0,0.6188118811881188,0.6188118811881188,74.68941831683169,8.447834158415843,20.77536300350833,50.0,50.0,32.465217802104995,High Risk
C011,202502,193,62115.53,6,5,12749.48,808,0.8333333333333334,0.7425742574257426,0.6188118811881188,76.87565594059406,15.779059405940592,12.106023102310232,50.0,50.0,27.26361386138614,High Risk
C011,202503,230,59785.8,2,1,1581.35,808,0.5,0.2475247524752475,0.1237623762376237,73.99232673267328,1.9571163366336632,69.21087051806033,50.0,50.0,61.5265223108362,Medium Risk
C011,202504,220,58290.44,6,6,6625.71,808,1.0,0.7425742574257426,0.7425742574257426,72.14163366336633,8.200136138613862,15.961449792196692,50.0,50.0,29.576869875318017,High Risk
C011,202505,211,56192.27,2,2,2558.04,808,1.0,0.2475247524752475,0.2475247524752475,69.54488861386139,3.1658910891089107,44.084353844221724,50.0,50.0,46.45061230653303,High Risk
C011,202506,199,52135.74,4,4,3467.71,808,1.0,0.495049504950495,0.495049504950495,64.5244306930693,4.291720297029703,23.496318421248084,50.0,50.0,34.097791052748846,High Risk
C011,202507,219,61051.05,3,2,648.84,808,0.6666666666666666,0.3712871287128713,0.2475247524752475,75.5582301980198,0.8030198019801981,58.41371645065626,50.0,50.0,55.048229870393754,Medium Risk
C011,202508,233,59181.9,2,2,3573.99,808,1.0,0.2475247524752475,0.2475247524752475,73.24492574257425,4.423254950495049,42.59367889238971,50.0,50.0,45.556207335433825,High Risk
C011,202509,229,56420.25,0,0,0.0,808,0.0,0.0,0.0,69.82704207920793,0.0,100.0,50.0,50.0,80.0,Low Risk
C011,202510,246,71519.76,2,0,0.0,808,0.0,0.2475247524752475,0.0,88.51455445544553,0.0,100.0,50.0,50.0,80.0,Low Risk
C011,202511,226,61446.17,6,6,7381.38,808,1.0,0.7425742574257426,0.7425742574257426,76.0472400990099,9.135371287128711,22.164132934366226,50.0,50.0,33.298479760619735,High Risk
C011,202512,250,73002.41,6,6,8642.11,808,1.0,0.7425742574257426,0.7425742574257426,90.34951732673268,10.695680693069308,20.661631262773394,50.0,50.0,32.39697875766404,High Risk
C012,202501,132,43842.07,3,3,7031.26,437,1.0,0.6864988558352403,0.6864988558352403,100.32510297482835,16.08983981693364,7.331054928415267,50.0,50.0,24.39863295704916,High Risk
C012,202502,113,30291.64,0,0,0.0,437,0.0,0.0,0.0,69.31725400457665,0.0,100.0,50.0,50.0,80.0,Low Risk
C012,202503,144,39893.4,2,2,2389.86,437,1.0,0.4576659038901602,0.4576659038901602,91.2892448512586,5.468787185354691,28.07993661118658,50.0,50.0,36.84796196671195,High Risk
C012,202504,114,35068.55,1,1,1488.95,437,1.0,0.2288329519450801,0.2288329519450801,80.2483981693364,3.40720823798627,41.92623974972086,50.0,50.0,45.15574384983252,High Risk
C012,202505,105,28219.04,1,1,753.44,437,1.0,0.2288329519450801,0.2288329519450801,64.57446224256293,1.7241189931350116,46.33451565796381,50.0,50.0,47.80070939477829,High Risk
C012,202506,129,31230.03,2,2,2361.96,437,1.0,0.4576659038901602,0.4576659038901602,71.4645995423341,5.404942791762013,23.29377931871827,50.0,50.0,33.976267591230965,High Risk
C012,202507,111,30384.24,2,2,2764.92,437,1.0,0.4576659038901602,0.4576659038901602,69.5291533180778,6.327048054919909,26.574154918923742,50.0,50.0,35.94449295135425,High Risk
C012,202508,118,30683.15,3,2,2283.21,437,0.6666666666666666,0.6864988558352403,0.4576659038901602,70.21315789473685,5.224736842105263,50.562892888000775,50.0,50.0,50.33773573280047,High Risk
C012,202509,107,30737.24,2,2,2269.31,437,1.0,0.4576659038901602,0.4576659038901602,70.33693363844394,5.192929061784897,29.022847051388307,50.0,50.0,37.41370823083298,High Risk
C012,202510,131,37265.91,2,2,1212.0,437,1.0,0.4576659038901602,0.4576659038901602,85.27668192219679,2.7734553775743707,36.040625945511366,50.0,50.0,41.624375567306814,High Risk
C012,202511,97,27200.25,2,2,2157.49,437,1.0,0.4576659038901602,0.4576659038901602,62.243135011441645,4.937048054919908,35.623772739699426,50.0,50.0,41.37426364381966,High Risk
C012,202512,109,24427.49,0,0,0.0,437,0.0,0.0,0.0,55.89814645308925,0.0,100.0,50.0,50.0,80.0,Low Risk
C013,202501,179,39752.32,4,4,2486.91,722,1.0,0.554016620498615,0.554016620498615,55.05861495844875,3.444473684210526,30.607023750119478,50.0,50.0,38.36421425007168,High Risk
C013,202502,178,46492.65,3,3,4124.639999999999,722,1.0,0.4155124653739612,0.4155124653739612,64.39425207756233,5.712797783933517,27.350426271689688,50.0,50.0,36.41025576301381,High Risk
C013,202503,176,46501.0,1,1,2788.33,722,1.0,0.1385041551246537,0.1385041551246537,64.40581717451524,3.8619529085872575,42.19517541687355,50.0,50.0,45.31710525012413,High Risk
C013,202504,203,54365.92,4,4,7280.65,722,1.0,0.554016620498615,0.554016620498615,75.29905817174514,10.0840027700831,21.17227638671627,50.0,50.0,32.70336583202976,High Risk
C013,202505,199,51066.33,3,3,4710.71,722,1.0,0.4155124653739612,0.4155124653739612,70.72898891966759,6.524529085872576,35.24165662174896,50.0,50.0,41.144993973049374,High Risk
C013,202506,168,47559.58,4,4,5136.450000000001,722,1.0,0.554016620498615,0.554016620498615,65.8719944598338,7.114196675900278,15.59255325461924,50.0,50.0,29.355531952771543,High Risk
C013,202507,200,60586.83,6,6,9125.78,722,1.0,0.8310249307479225,0.8310249307479225,83.91527700831026,12.639584487534629,1.7200218852342575,50.0,50.0,21.032013131140555,High Risk
C013,202508,192,55436.73,5,4,4914.52,722,0.8,0.6925207756232686,0.554016620498615,76.78217451523547,6.806814404432133,39.89927483187103,50.0,50.0,43.939564899122615,High Risk
C013,202509,189,59966.03,5,4,7949.31,722,0.8,0.6925207756232686,0.554016620498615,83.0554432132964,11.010124653739611,25.35969918938548,50.0,50.0,35.21581951363129,High Risk
C013,202510,196,54501.23,4,4,6366.73,722,1.0,0.554016620498615,0.554016620498615,75.48646814404432,8.818185595567867,23.89284617375491,50.0,50.0,34.33570770425295,High Risk
C013,202511,183,50015.47,4,4,4595.37,722,1.0,0.554016620498615,0.554016620498615,69.27350415512466,6.3647783933518,31.062114244179128,50.0,50.0,38.63726854650747,High Risk
C013,202512,203,42557.59,0,0,0.0,722,0.0,0.0,0.0,58.94403047091412,0.0,100.0,50.0,50.0,80.0,Low Risk
C014,202501,120,34465.85,3,3,3476.83,449,1.0,0.6681514476614699,0.6681514476614699,76.76135857461024,7.743496659242761,19.22076212205297,50.0,50.0,31.532457273231785,High Risk
C014,202502,89,19420.52,0,0,0.0,449,0.0,0.0,0.0,43.2528285077951,0.0,100.0,50.0,50.0,80.0,Low Risk
C014,202503,133,32383.86,0,0,0.0,449,0.0,0.0,0.0,72.12440979955457,0.0,100.0,50.0,50.0,80.0,Low Risk
C014,202504,131,36117.0,0,0,0.0,449,0.0,0.0,0.0,80.43875278396436,0.0,100.0,50.0,50.0,80.0,Low Risk
C014,202505,117,35545.93,2,2,5600.110000000001,449,1.0,0.4454342984409799,0.4454342984409799,79.16688195991091,12.472405345211582,27.324308096007847,50.0,50.0,36.39458485760471,High Risk
C014,202506,105,30260.23,2,2,2697.1400000000003,449,1.0,0.4454342984409799,0.4454342984409799,67.39472160356347,6.006993318485524,22.80037683545728,50.0,50.0,33.680226101274364,High Risk
C014,202507,138,35583.34,1,1,1379.6,449,1.0,0.2227171492204899,0.2227171492204899,79.25020044543429,3.07260579064588,41.17614503350632,50.0,50.0,44.705687020103795,High Risk
C014,202508,122,33182.4,0,0,0.0,449,0.0,0.0,0.0,73.90289532293987,0.0,100.0,50.0,50.0,80.0,Low Risk
C014,202509,115,31317.61,1,1,1982.63,449,1.0,0.2227171492204899,0.2227171492204899,69.7496881959911,4.415657015590201,39.48236013267032,50.0,50.0,43.689416079602196,High Risk
C014,202510,129,35022.42,2,2,5202.200000000001,449,1.0,0.4454342984409799,0.4454342984409799,78.00093541202672,11.58619153674833,23.273897727189958,50.0,50.0,33.964338636313975,High Risk
C014,202511,122,26429.78,0,0,0.0,449,0.0,0.0,0.0,58.863652561247214,0.0,100.0,50.0,50.0,80.0,Low Risk
C014,202512,160,42170.63,3,3,3419.2200000000003,449,1.0,0.6681514476614699,0.6681514476614699,93.92122494432073,7.615189309576838,26.51648912676369,50.0,50.0,35.909893476058215,High Risk
C015,202501,127,29318.4,1,1,1927.91,480,1.0,0.2083333333333333,0.2083333333333333,61.080000000000005,4.016479166666667,47.231692219123055,50.0,50.0,48.33901533147383,High Risk
C015,202502,126,35056.31,2,2,2140.46,480,1.0,0.4166666666666667,0.4166666666666667,73.03397916666667,4.459291666666667,28.882558107816507,50.0,50.0,37.329534864689904,High Risk
C015,202503,135,44377.8,7,5,4127.63,480,0.7142857142857143,1.4583333333333333,1.0416666666666663,92.45375,8.599229166666667,14.707504764401385,50.0,50.0,28.82450285864083,High Risk
C015,202504,124,26290.13,1,1,2479.73,480,1.0,0.2083333333333333,0.2083333333333333,54.77110416666667,5.166104166666667,40.65029551603676,50.0,50.0,44.39017730962206,High Risk
C015,202505,136,33615.16,1,1,519.98,480,1.0,0.2083333333333333,0.2083333333333333,70.03158333333333,1.0832916666666668,47.68742330667794,50.0,50.0,48.61245398400676,High Risk
C015,202506,136,41057.02,2,2,5158.96,480,1.0,0.4166666666666667,0.4166666666666667,85.53545833333332,10.747833333333334,15.668180979173327,50.0,50.0,29.400908587503995,High Risk
C015,202507,128,41361.11,2,0,0.0,480,0.0,0.4166666666666667,0.0,86.16897916666667,0.0,100.0,50.0,50.0,80.0,Low Risk
C015,202508,134,32209.73,2,2,1082.03,480,1.0,0.4166666666666667,0.4166666666666667,67.10360416666667,2.2542291666666667,40.27093759195424,50.0,50.0,44.16256255517254,High Risk
C015,202509,128,37427.55,4,4,6303.61,480,1.0,0.8333333333333334,0.8333333333333334,77.9740625,13.132520833333333,2.100000000000002,50.0,50.0,21.26,High Risk
C015,202510,131,37965.59,5,4,2215.88,480,0.8,1.0416666666666663,0.8333333333333334,79.09497916666666,4.616416666666667,30.125740976005677,50.0,50.0,38.07544458560341,High Risk
C015,202511,111,32721.39,4,3,3168.99,480,0.75,0.8333333333333334,0.625,68.1695625,6.6020625,39.96337930901282,50.0,50.0,43.97802758540769,High Risk
C015,202512,124,35510.57,2,1,324.44,480,0.5,0.4166666666666667,0.2083333333333333,73.98035416666667,0.6759166666666666,70.659574741636,50.0,50.0,62.3957448449816,Medium Risk
C016,202501,153,41246.23,2,2,2794.01,658,1.0,0.303951367781155,0.303951367781155,62.68424012158055,4.246215805471125,42.12341947908324,50.0,50.0,45.27405168744994,High Risk
C016,202502,158,39533.66,2,2,2463.4300000000003,658,1.0,0.303951367781155,0.303951367781155,60.08155015197568,3.743814589665654,35.32562698013718,50.0,50.0,41.19537618808231,High Risk
C016,202503,172,49353.9,5,5,4209.82,658,1.0,0.7598784194528876,0.7598784194528876,75.00592705167173,6.39790273556231,15.964593461674514,50.0,50.0,29.57875607700471,High Risk
C016,202504,189,49145.67,2,2,4069.0,658,1.0,0.303951367781155,0.303951367781155,74.68946808510638,6.183890577507599,35.66865298753032,50.0,50.0,41.40119179251819,High Risk
C016,202505,185,54198.59,6,6,6745.13,658,1.0,0.911854103343465,0.911854103343465,82.36867781155016,10.250957446808512,16.461767707783952,50.0,50.0,29.87706062467037,High Risk
C016,202506,151,40457.16,2,1,2451.42,658,0.5,0.303951367781155,0.1519756838905775,61.48504559270517,3.725562310030395,63.50360228968317,50.0,50.0,58.1021613738099,Medium Risk
C016,202507,182,47425.24,2,2,3602.64,658,1.0,0.303951367781155,0.303951367781155,72.07483282674772,5.475136778115501,34.28017407006862,50.0,50.0,40.568104442041175,High Risk
C016,202508,154,37358.5,2,2,3234.69,658,1.0,0.303951367781155,0.303951367781155,56.7758358662614,4.915942249240121,40.3768261549845,50.0,50.0,44.2260956929907,High Risk
C016,202509,169,47661.44,4,4,5501.110000000001,658,1.0,0.60790273556231,0.60790273556231,72.43379939209727,8.36034954407295,18.267715543458383,50.0,50.0,30.96062932607503,High Risk
C016,202510,168,47136.3,3,3,3689.47,658,1.0,0.4559270516717325,0.4559270516717325,71.63571428571429,5.60709726443769,31.86458613778653,50.0,50.0,39.11875168267191,High Risk
C016,202511,153,42842.22,1,1,4750.92,658,1.0,0.1519756838905775,0.1519756838905775,65.10975683890578,7.220243161094225,41.632705164402196,50.0,50.0,44.97962309864131,High Risk
C016,202512,178,50283.09,5,4,3741.8,658,0.8,0.7598784194528876,0.60790273556231,76.4180699088146,5.68662613981763,39.57710393113296,50.0,50.0,43.74626235867977,High Risk
C017,202501,191,47680.28,2,1,1468.59,693,0.5,0.2886002886002886,0.1443001443001443,68.80271284271284,2.1191774891774893,97.94355425784119,50.0,50.0,78.76613255470471,Low Risk
C017,202502,159,37919.91,0,0,0.0,693,0.0,0.0,0.0,54.718484848484856,0.0,100.0,50.0,50.0,80.0,Low Risk
C017,202503,213,56899.42,3,2,4179.99,693,0.6666666666666666,0.4329004329004329,0.2886002886002886,82.10594516594516,6.031731601731601,47.572383925057814,50.0,50.0,48.54343035503469,High Risk
C017,202504,210,54980.92,1,1,720.26,693,1.0,0.1443001443001443,0.1443001443001443,79.3375468975469,1.0393362193362192,48.07083927521732,50.0,50.0,48.842503565130386,High Risk
C017,202505,165,50678.6,4,4,6802.280000000001,693,1.0,0.5772005772005772,0.5772005772005772,73.12929292929293,9.815699855699856,26.661229021372236,50.0,50.0,35.99673741282334,High Risk
C017,202506,209,65635.15,5,3,7095.299999999999,693,0.6,0.7215007215007215,0.4329004329004329,94.71161616161616,10.238528138528135,33.80263427053066,50.0,50.0,40.281580562318396,High Risk
C017,202507,177,45183.21,1,1,1092.19,693,1.0,0.1443001443001443,0.1443001443001443,65.19943722943722,1.576031746031746,46.64322562216056,50.0,50.0,47.98593537329633,High Risk
C017,202508,200,47198.03,3,3,2519.82,693,1.0,0.4329004329004329,0.4329004329004329,68.1068253968254,3.636103896103896,38.1629124260687,50.0,50.0,42.89774745564122,High Risk
C017,202509,187,59068.24,2,2,4221.4,693,1.0,0.2886002886002886,0.2886002886002886,85.23555555555555,6.091486291486291,34.32911161996083,50.0,50.0,40.597466971976495,High Risk
C017,202510,206,51392.22,2,2,2184.74,693,1.0,0.2886002886002886,0.2886002886002886,74.15904761904763,3.152582972582972,40.947859244283805,50.0,50.0,44.56871554657028,High Risk
C017,202511,178,48951.78,5,4,3793.04,693,0.8,0.7215007215007215,0.5772005772005772,70.63748917748917,5.473362193362194,40.49868382595665,50.0,50.0,44.299210295573985,High Risk
C017,202512,169,55473.1,5,5,11535.05,693,1.0,0.7215007215007215,0.7215007215007215,80.04776334776335,16.645093795093793,14.122860494136285,50.0,50.0,28.47371629648177,High Risk
C018,202501,240,69759.78,8,7,10905.98,841,0.875,0.9512485136741972,0.8323424494649228,82.94860879904876,12.967871581450654,15.352397663709539,50.0,50.0,29.211438598225723,High Risk
C018,202502,188,52352.84,3,3,4747.37,841,1.0,0.356718192627824,0.356718192627824,62.25070154577883,5.644910820451843,30.32425187585558,50.0,50.0,38.19455112551334,High Risk
C018,202503,225,58505.81,1,1,781.52,841,1.0,0.1189060642092746,0.1189060642092746,69.56695600475624,0.9292746730083234,49.04341776943758,50.0,50.0,49.42605066166254,High Risk
C018,202504,236,67336.78,7,7,7501.78,841,1.0,0.8323424494649228,0.8323424494649228,80.06751486325803,8.920071343638526,11.56387825076504,50.0,50.0,26.93832695045902,High Risk
C018,202505,226,60257.13,1,1,1425.81,841,1.0,0.1189060642092746,0.1189060642092746,71.64938168846611,1.6953745541022591,49.549406926249276,50.0,50.0,49.72964415574957,High Risk
C018,202506,237,64806.11,4,4,3734.34,841,1.0,0.4756242568370986,0.4756242568370986,77.05839476813317,4.440356718192628,24.163061437822517,50.0,50.0,34.49783686269351,High Risk
C018,202507,232,59376.01,4,4,1833.77,841,1.0,0.4756242568370986,0.4756242568370986,70.60167657550535,2.180463733650416,31.81479965557553,50.0,50.0,39.08887979334531,High Risk
C018,202508,258,59680.28,4,4,5076.11,841,1.0,0.4756242568370986,0.4756242568370986,70.96347205707491,6.035802615933412,34.08169140959166,50.0,50.0,40.449014845755,High Risk
C018,202509,233,58537.33,1,1,661.19,841,1.0,0.1189060642092746,0.1189060642092746,69.60443519619501,0.7861950059453032,49.1082632338183,50.0,50.0,49.46495794029098,High Risk
C018,202510,219,57915.55,1,1,2651.36,841,1.0,0.1189060642092746,0.1189060642092746,68.86510107015458,3.1526278240190253,46.44164276871729,50.0,50.0,47.86498566123037,High Risk
C018,202511,208,54360.37,1,1,1166.43,841,1.0,0.1189060642092746,0.1189060642092746,64.63777645659928,1.3869560047562426,49.836340689310994,50.0,50.0,49.901804413586596,High Risk
C018,202512,213,55205.63,1,1,1749.49,841,1.0,0.1189060642092746,0.1189060642092746,65.6428418549346,2.0802497027348394,49.05983299994345,50.0,50.0,49.435899799966066,High Risk
C019,202501,227,65363.14,4,2,4308.66,763,0.5,0.5242463958060288,0.2621231979030144,85.66597640891219,5.64699868938401,87.38528978657425,50.0,50.0,72.43117387194454,Low Risk
C019,202502,184,45185.34,2,2,3193.51,763,1.0,0.2621231979030144,0.2621231979030144,59.220629095674965,4.185465268676278,36.8202938404253,50.0,50.0,42.092176304255176,High Risk
C019,202503,215,62432.21,4,4,6548.18,763,1.0,0.5242463958060288,0.5242463958060288,81.82465268676278,8.582149410222804,19.27173175070394,50.0,50.0,31.56303905042236,High Risk
C019,202504,204,53602.42,4,3,3301.17,763,0.75,0.5242463958060288,0.3931847968545215,70.25218872870249,4.32656618610747,45.59767881382725,50.0,50.0,47.358607288296355,High Risk
C019,202505,211,64533.89,4,3,3425.46,763,0.75,0.5242463958060288,0.3931847968545215,84.57914809960681,4.489462647444299,49.55040839400754,50.0,50.0,49.730245036404526,High Risk
C019,202506,227,60908.6,2,2,6368.129999999999,763,1.0,0.2621231979030144,0.2621231979030144,79.82778505897772,8.346173001310614,27.410160723195165,50.0,50.0,36.4460964339171,High Risk
C019,202507,199,53715.49,2,2,4113.61,763,1.0,0.2621231979030144,0.2621231979030144,70.40038007863696,5.391363040629095,36.16299478708627,50.0,50.0,41.69779687225176,High Risk
C019,202508,223,64756.26,3,1,2772.91,763,0.3333333333333333,0.3931847968545215,0.1310615989515072,84.87058977719528,3.634220183486238,76.89906825465769,50.0,50.0,66.13944095279462,Medium Risk
C019,202509,184,46485.31,2,2,2800.6,763,1.0,0.2621231979030144,0.2621231979030144,60.92439056356487,3.670511140235911,39.06141944796645,50.0,50.0,43.436851668779866,High Risk
C019,202510,216,60897.02,3,2,2377.11,763,0.6666666666666666,0.3931847968545215,0.2621231979030144,79.81260812581912,3.115478374836173,56.86047458266093,50.0,50.0,54.11628474959655,High Risk
C019,202511,177,48141.29,4,4,3103.04,763,1.0,0.5242463958060288,0.5242463958060288,63.09474442988205,4.066893840104849,34.778218585469816,50.0,50.0,40.86693115128189,High Risk
C019,202512,201,53684.61,1,1,411.55,763,1.0,0.1310615989515072,0.1310615989515072,70.35990825688073,0.5393840104849279,50.55953918388041,50.0,50.0,50.33572351032824,High Risk
C020,202501,203,50619.62,1,1,2226.14,735,1.0,0.1360544217687074,0.1360544217687074,68.870231292517,3.0287619047619048,52.16280611168107,50.0,50.0,51.29768366700864,High Risk
C020,202502,167,40747.33,2,2,1443.05,735,1.0,0.2721088435374149,0.2721088435374149,55.438544217687074,1.9633333333333332,39.14639038375223,50.0,50.0,43.48783423025134,High Risk
C020,202503,189,52703.09,7,5,3788.07,735,0.7142857142857143,0.9523809523809524,0.6802721088435374,71.70488435374149,5.153836734693877,34.12224924922782,50.0,50.0,40.47334954953669,High Risk
C020,202504,176,43827.1,3,3,5195.93,735,1.0,0.4081632653061224,0.4081632653061224,59.62870748299319,7.069292517006804,30.504673915539914,50.0,50.0,38.30280434932395,High Risk
C020,202505,183,40232.5,2,2,1614.14,735,1.0,0.2721088435374149,0.2721088435374149,54.73809523809524,2.196108843537415,44.522726497477635,50.0,50.0,46.71363589848658,High Risk
C020,202506,199,53930.0,2,2,2181.21,735,1.0,0.2721088435374149,0.2721088435374149,73.37414965986395,2.9676326530612247,36.5905091778732,50.0,50.0,41.95430550672392,High Risk
C020,202507,207,54065.22,0,0,0.0,735,0.0,0.0,0.0,73.55812244897959,0.0,100.0,50.0,50.0,80.0,Low Risk
C020,202508,220,65328.41,3,3,6814.1900000000005,735,1.0,0.4081632653061224,0.4081632653061224,88.88219047619049,9.27100680272109,32.19820854201073,50.0,50.0,39.318925125206434,High Risk
C020,202509,194,47765.72,1,1,808.27,735,1.0,0.1360544217687074,0.1360544217687074,64.98737414965987,1.099687074829932,47.95381745134769,50.0,50.0,48.77229047080861,High Risk
C020,202510,196,46619.89,2,2,1866.72,735,1.0,0.2721088435374149,0.2721088435374149,63.42842176870748,2.539755102040816,42.397091134917474,50.0,50.0,45.43825468095048,High Risk
C020,202511,186,45951.54,2,0,0.0,735,0.0,0.2721088435374149,0.0,62.51910204081633,0.0,100.0,50.0,50.0,80.0,Low Risk
C020,202512,187,50257.53,2,2,1026.45,735,1.0,0.2721088435374149,0.2721088435374149,68.3775918367347,1.396530612244898,45.44832725512022,50.0,50.0,47.268996353072126,High Risk
C021,202501,136,41327.87,2,1,1165.61,541,0.5,0.3696857670979667,0.1848428835489833,76.39162661737524,2.1545471349353047,95.8591332479418,50.0,50.0,77.51547994876508,Low Risk
C021,202502,125,41082.34,3,3,5378.42,541,1.0,0.5545286506469501,0.5545286506469501,75.9377818853974,9.941626617375231,15.162362781471883,50.0,50.0,29.09741766888313,High Risk
C021,202503,151,44339.38,1,1,2197.92,541,1.0,0.1848428835489833,0.1848428835489833,81.95818853974122,4.062698706099815,40.21449761008334,50.0,50.0,44.128698566050005,High Risk
C021,202504,148,40220.03,0,0,0.0,541,0.0,0.0,0.0,74.34386321626617,0.0,100.0,50.0,50.0,80.0,Low Risk
C021,202505,155,44866.05,7,7,9301.4,541,1.0,1.2939001848428835,1.2939001848428835,82.93170055452866,17.19297597042514,0.0,50.0,50.0,20.0,High Risk
C021,202506,138,36670.65,2,2,3650.39,541,1.0,0.3696857670979667,0.3696857670979667,67.78308687615527,6.747486136783734,25.11136688868968,50.0,50.0,35.06682013321381,High Risk
C021,202507,133,37311.87,4,3,2982.1800000000003,541,0.75,0.7393715341959335,0.5545286506469501,68.96833641404807,5.512347504621073,34.922878221839625,50.0,50.0,40.95372693310377,High Risk
C021,202508,146,39866.03,2,2,1010.0,541,1.0,0.3696857670979667,0.3696857670979667,73.68951940850278,1.866913123844732,42.08954828944263,50.0,50.0,45.253728973665574,High Risk
C021,202509,152,42760.66,3,2,2685.06,541,0.6666666666666666,0.5545286506469501,0.3696857670979667,79.04003696857671,4.963142329020332,47.84625353647881,50.0,50.0,48.70775212188728,High Risk
C021,202510,150,37243.79,4,4,5744.26,541,1.0,0.7393715341959335,0.7393715341959335,68.84249537892791,10.617855822550831,15.203988548395419,50.0,50.0,29.12239312903725,High Risk
C021,202511,137,41821.53,3,3,5422.04,541,1.0,0.5545286506469501,0.5545286506469501,77.30412199630314,10.022255083179298,26.503583776287098,50.0,50.0,35.902150265772256,High Risk
C021,202512,159,42084.07,2,2,1471.0700000000002,541,1.0,0.3696857670979667,0.3696857670979667,77.78940850277264,2.7191682070240297,41.0356470108761,50.0,50.0,44.62138820652566,High Risk
C022,202501,167,48948.12,3,3,4488.94,626,1.0,0.4792332268370607,0.4792332268370607,78.19188498402556,7.170830670926517,29.46953735214445,50.0,50.0,37.68172241128667,High Risk
C022,202502,143,39023.65,1,1,1767.14,626,1.0,0.1597444089456869,0.1597444089456869,62.338099041533546,2.822907348242812,43.57584449985195,50.0,50.0,46.14550669991117,High Risk
C022,202503,169,44876.0,2,1,382.17,626,0.5,0.3194888178913738,0.1597444089456869,71.68690095846645,0.6104952076677317,70.84406921876895,50.0,50.0,62.506441531261366,Medium Risk
C022,202504,188,53184.13,2,2,2903.3500000000004,626,1.0,0.3194888178913738,0.3194888178913738,84.95867412140575,4.637939297124602,36.88804588209055,50.0,50.0,42.13282752925433,High Risk
C022,202505,172,36565.16,0,0,0.0,626,0.0,0.0,0.0,58.41079872204473,0.0,100.0,50.0,50.0,80.0,Low Risk
C022,202506,161,45654.0,2,2,6970.709999999999,626,1.0,0.3194888178913738,0.3194888178913738,72.9297124600639,11.13531948881789,19.643237486687966,50.0,50.0,31.78594249201278,High Risk
C022,202507,177,46605.55,4,4,7436.97,626,1.0,0.6389776357827476,0.6389776357827476,74.44976038338659,11.880143769968052,10.906753670511996,50.0,50.0,26.5440522023072,High Risk
C022,202508,196,52576.84,1,1,709.37,626,1.0,0.1597444089456869,0.1597444089456869,83.98856230031949,1.1331789137380193,49.03423447970737,50.0,50.0,49.42054068782442,High Risk
C022,202509,173,50301.45,6,4,6300.11,626,0.6666666666666666,0.9584664536741214,0.6389776357827476,80.35375399361021,10.064073482428114,29.44621450319307,50.0,50.0,37.66772870191584,High Risk
C022,202510,163,43554.56,3,2,3572.1800000000003,626,0.6666666666666666,0.4792332268370607,0.3194888178913738,69.57597444089457,5.706357827476039,51.13351811233522,50.0,50.0,50.680110867401126,High Risk
C022,202511,175,41347.12,3,3,3425.32,626,1.0,0.4792332268370607,0.4792332268370607,66.0497124600639,5.471757188498403,34.33543310141279,50.0,50.0,40.60125986084768,High Risk
C022,202512,161,44096.8,2,1,1067.68,626,0.5,0.3194888178913738,0.1597444089456869,70.44217252396166,1.70555910543131,70.82835773907816,50.0,50.0,62.497014643446896,Medium Risk
C023,202501,145,39327.2,6,4,5784.75,510,0.6666666666666666,1.1764705882352942,0.7843137254901961,77.1121568627451,11.342647058823529,38.652249556337416,50.0,50.0,43.191349733802454,High Risk
C023,202502,112,31193.94,2,2,1608.34,510,1.0,0.392156862745098,0.392156862745098,61.16458823529412,3.153607843137255,31.741355715627705,50.0,50.0,39.04481342937662,High Risk
C023,202503,121,35206.49,2,2,1984.24,510,1.0,0.392156862745098,0.392156862745098,69.03233333333333,3.890666666666667,33.61184083237252,50.0,50.0,40.167104499423516,High Risk
C023,202504,126,33351.7,1,1,1002.62,510,1.0,0.196078431372549,0.196078431372549,65.39549019607843,1.965921568627451,44.92811391573751,50.0,50.0,46.9568683494425,High Risk
C023,202505,124,31371.88,0,0,0.0,510,0.0,0.0,0.0,61.51349019607844,0.0,100.0,50.0,50.0,80.0,Low Risk
C023,202506,137,42959.75,3,2,4947.3,510,0.6666666666666666,0.5882352941176471,0.392156862745098,84.23480392156863,9.700588235294118,33.72722861859432,50.0,50.0,40.23633717115659,High Risk
C023,202507,127,43117.1,4,3,4977.69,510,0.75,0.7843137254901961,0.5882352941176471,84.54333333333334,9.760176470588236,27.359851153152526,50.0,50.0,36.41591069189151,High Risk
C023,202508,137,36645.05,2,2,3739.17,510,1.0,0.392156862745098,0.392156862745098,71.85303921568628,7.331705882352941,34.96051460151989,50.0,50.0,40.976308760911934,High Risk
C023,202509,146,39821.95,0,0,0.0,510,0.0,0.0,0.0,78.08225490196078,0.0,100.0,50.0,50.0,80.0,Low Risk
C023,202510,125,34884.26,2,2,3238.52,510,1.0,0.392156862745098,0.392156862745098,68.40050980392158,6.350039215686275,32.819485906448776,50.0,50.0,39.69169154386927,High Risk
C023,202511,136,39665.59,2,2,2947.29,510,1.0,0.392156862745098,0.392156862745098,77.77566666666667,5.779,36.47335961981325,50.0,50.0,41.884015771887945,High Risk
C023,202512,128,30177.65,0,0,0.0,510,0.0,0.0,0.0,59.17186274509804,0.0,100.0,50.0,50.0,80.0,Low Risk
C024,202501,204,54809.79,4,3,2145.68,809,0.75,0.4944375772558714,0.3708281829419036,67.75004944375773,2.652262051915945,63.35627473483638,50.0,50.0,58.01376484090183,Medium Risk
C024,202502,225,70120.38,5,4,6570.02,809,0.8,0.6180469715698393,0.4944375772558714,86.67537700865266,8.121161928306552,29.421279865307486,50.0,50.0,37.65276791918449,High Risk
C024,202503,214,56176.63,4,4,5187.92,809,1.0,0.4944375772558714,0.4944375772558714,69.43959208899877,6.412756489493201,24.852055245054046,50.0,50.0,34.911233147032426,High Risk
C024,202504,241,67336.05,2,0,0.0,809,0.0,0.2472187886279357,0.0,83.23368355995056,0.0,100.0,50.0,50.0,80.0,Low Risk
C024,202505,211,58531.77,3,1,1361.47,809,0.3333333333333333,0.3708281829419036,0.1236093943139678,72.35076637824474,1.6829048207663784,79.42809626913755,50.0,50.0,67.65685776148254,Medium Risk
C024,202506,209,47480.42,4,3,2921.48,809,0.75,0.4944375772558714,0.3708281829419036,58.69025957972806,3.611223733003708,41.939454173974816,50.0,50.0,45.16367250438489,High Risk
C024,202507,248,62259.86,5,5,5474.92,809,1.0,0.6180469715698393,0.6180469715698393,76.95903584672435,6.767515451174289,19.18241371006407,50.0,50.0,31.50944822603844,High Risk
C024,202508,228,63461.13,1,1,1622.05,809,1.0,0.1236093943139678,0.1236093943139678,78.44391841779975,2.0050061804697155,49.046227151051504,50.0,50.0,49.427736290630904,High Risk
C024,202509,225,65289.31,4,4,7187.31,809,1.0,0.4944375772558714,0.4944375772558714,80.70372064276884,8.884190358467244,21.94954351005049,50.0,50.0,33.169726106030296,High Risk
C024,202510,200,46474.46,1,1,2315.84,809,1.0,0.1236093943139678,0.1236093943139678,57.44679851668727,2.8625957972805933,46.72256507226701,50.0,50.0,48.03353904336021,High Risk
C024,202511,203,51758.76,1,0,0.0,809,0.0,0.1236093943139678,0.0,63.97868974042027,0.0,100.0,50.0,50.0,80.0,Low Risk
C024,202512,244,72196.27,9,8,13221.17,809,0.8888888888888888,1.112484548825711,0.9888751545117428,89.24137206427689,16.342608158220024,11.749643215302148,50.0,50.0,27.04978592918129,High Risk
C025,202501,177,53981.57,6,4,6370.06,663,0.6666666666666666,0.904977375565611,0.603318250377074,81.42016591251885,9.607933634992458,50.02975489872593,50.0,50.0,50.01785293923556,High Risk
C025,202502,167,42550.78,1,1,1061.66,663,1.0,0.1508295625942685,0.1508295625942685,64.17915535444946,1.6012971342383109,45.56210625007156,50.0,50.0,47.337263750042936,High Risk
C025,202503,166,40896.15,4,4,4019.81,663,1.0,0.603318250377074,0.603318250377074,61.68348416289593,6.063061840120664,21.93173442560976,50.0,50.0,33.15904065536586,High Risk
C025,202504,164,47213.27,2,2,1603.85,663,1.0,0.301659125188537,0.301659125188537,71.21156862745097,2.419079939668175,40.222543612831466,50.0,50.0,44.133526167698875,High Risk
C025,202505,201,56737.27,4,4,5683.12,663,1.0,0.603318250377074,0.603318250377074,85.57657616892911,8.57182503770739,27.38017840351512,50.0,50.0,36.428107042109076,High Risk
C025,202506,167,41938.74,2,2,2567.99,663,1.0,0.301659125188537,0.301659125188537,63.25601809954751,3.8732880844645545,33.543489902425655,50.0,50.0,40.126093941455395,High Risk
C025,202507,175,45059.3,2,2,2094.92,663,1.0,0.301659125188537,0.301659125188537,67.96274509803922,3.159758672699849,37.72532743443894,50.0,50.0,42.635196460663366,High Risk
C025,202508,176,48611.36,5,5,6894.34,663,1.0,0.7541478129713424,0.7541478129713424,73.32030165912519,10.39870286576169,20.849951605184124,50.0,50.0,32.509970963110476,High Risk
C025,202509,143,37512.89,3,3,8106.92,663,1.0,0.4524886877828055,0.4524886877828055,56.58052790346908,12.22763197586727,18.5138351986929,50.0,50.0,31.10830111921574,High Risk
C025,202510,178,48495.48,4,3,3255.59,663,0.75,0.603318250377074,0.4524886877828055,73.14552036199096,4.910392156862745,44.266503792381606,50.0,50.0,46.55990227542897,High Risk
C025,202511,177,46030.04,1,1,1208.41,663,1.0,0.1508295625942685,0.1508295625942685,69.42690799396682,1.8226395173454,48.37135808054384,50.0,50.0,49.022814848326306,High Risk
C025,202512,180,43389.53,0,0,0.0,663,0.0,0.0,0.0,65.4442383107089,0.0,100.0,50.0,50.0,80.0,Low Risk
C026,202501,102,25238.58,1,1,1040.37,371,1.0,0.2695417789757413,0.2695417789757413,68.02851752021563,2.804231805929919,45.747898613428504,50.0,50.0,47.4487391680571,High Risk
C026,202502,98,28780.12,2,1,382.01,371,0.5,0.5390835579514826,0.2695417789757413,77.5744474393531,1.0296765498652292,62.955888508361646,50.0,50.0,57.77353310501699,Medium Risk
C026,202503,105,29583.38,0,0,0.0,371,0.0,0.0,0.0,79.73956873315365,0.0,100.0,50.0,50.0,80.0,Low Risk
C026,202504,91,25170.34,3,3,5208.34,371,1.0,0.8086253369272237,0.8086253369272237,67.84458221024259,14.03865229110512,6.431866795424793,50.0,50.0,23.859120077254875,High Risk
C026,202505,104,25824.94,1,1,535.29,371,1.0,0.2695417789757413,0.2695417789757413,69.60900269541779,1.4428301886792452,45.490060185229424,50.0,50.0,47.29403611113766,High Risk
C026,202506,109,29206.88,2,2,2027.79,371,1.0,0.5390835579514826,0.5390835579514826,78.72474393530997,5.465741239892183,19.27110479192177,50.0,50.0,31.56266287515306,High Risk
C026,202507,97,24731.08,3,2,3048.51,371,0.6666666666666666,0.8086253369272237,0.5390835579514826,66.66059299191375,8.21700808625337,35.41176315936667,50.0,50.0,41.24705789562,High Risk
C026,202508,85,23790.9,0,0,0.0,371,0.0,0.0,0.0,64.12641509433962,0.0,100.0,50.0,50.0,80.0,Low Risk
C026,202509,100,25114.84,2,2,2617.59,371,1.0,0.5390835579514826,0.5390835579514826,67.69498652291105,7.055498652291106,22.971902191278907,50.0,50.0,33.78314131476734,High Risk
C026,202510,97,24445.56,4,4,3931.05,371,1.0,1.078167115902965,1.078167115902965,65.89099730458221,10.595822102425876,4.268391214307457,50.0,50.0,22.561034728584474,High Risk
C026,202511,82,17989.65,0,0,0.0,371,0.0,0.0,0.0,48.48962264150944,0.0,100.0,50.0,50.0,80.0,Low Risk
C026,202512,107,33371.57,2,2,4125.96,371,1.0,0.5390835579514826,0.5390835579514826,89.95032345013477,11.121185983827491,26.03851209997669,50.0,50.0,35.623107259986014,High Risk
C027,202501,193,55162.54,3,2,3421.11,602,0.6666666666666666,0.4983388704318937,0.3322259136212624,91.63212624584718,5.682906976744185,68.81428281462094,50.0,50.0,61.28856968877256,Medium Risk
C027,202502,152,43345.39,4,4,4820.0,602,1.0,0.6644518272425249,0.6644518272425249,72.00230897009966,8.006644518272426,12.215897743638374,50.0,50.0,27.329538646183025,High Risk
C027,202503,139,37658.65,4,4,2637.8,602,1.0,0.6644518272425249,0.6644518272425249,62.55589700996678,4.381727574750831,23.42629087583282,50.0,50.0,34.05577452549969,High Risk
C027,202504,136,40234.97,0,0,0.0,602,0.0,0.0,0.0,66.83549833887044,0.0,100.0,50.0,50.0,80.0,Low Risk
C027,202505,181,42432.41,2,2,1401.27,602,1.0,0.3322259136212624,0.3322259136212624,70.48573089700997,2.327691029900332,42.62719805231275,50.0,50.0,45.57631883138765,High Risk
C027,202506,169,40267.62,2,2,1194.53,602,1.0,0.3322259136212624,0.3322259136212624,66.8897342192691,1.9842691029900328,35.46708827035932,50.0,50.0,41.28025296221559,High Risk
C027,202507,154,45770.86,4,4,5311.639999999999,602,1.0,0.6644518272425249,0.6644518272425249,76.03132890365448,8.823322259136212,14.254788683503417,50.0,50.0,28.55287321010205,High Risk
C027,202508,169,39793.74,0,0,0.0,602,0.0,0.0,0.0,66.10255813953488,0.0,100.0,50.0,50.0,80.0,Low Risk
C027,202509,160,44266.06,1,0,0.0,602,0.0,0.1661129568106312,0.0,73.5316611295681,0.0,100.0,50.0,50.0,80.0,Low Risk
C027,202510,163,52380.84,2,2,2006.07,602,1.0,0.3322259136212624,0.3322259136212624,87.01136212624586,3.3323421926910304,39.266990779296925,50.0,50.0,43.56019446757816,High Risk
C027,202511,178,52302.5,2,2,7049.0,602,1.0,0.3322259136212624,0.3322259136212624,86.8812292358804,11.709302325581396,30.84023930891462,50.0,50.0,38.50414358534877,High Risk
C027,202512,157,40574.12,4,3,2227.19,602,0.75,0.6644518272425249,0.4983388704318937,67.3988704318937,3.6996511627906976,47.384872980568396,50.0,50.0,48.43092378834103,High Risk
C028,202501,212,53834.18,2,2,2556.37,824,1.0,0.2427184466019417,0.2427184466019417,65.3327427184466,3.102390776699029,46.70442167155585,50.0,50.0,48.02265300293351,High Risk
C028,202502,186,44930.94,2,2,1269.5,824,1.0,0.2427184466019417,0.2427184466019417,54.527839805825245,1.5406553398058251,41.12569420053154,50.0,50.0,44.67541652031892,High Risk
C028,202503,228,64432.36,1,1,1349.16,824,1.0,0.1213592233009708,0.1213592233009708,78.19461165048544,1.6373300970873788,47.46656119913993,50.0,50.0,48.47993671948396,High Risk
C028,202504,219,63955.13,5,5,9582.26,824,1.0,0.6067961165048543,0.6067961165048543,77.61544902912621,11.628956310679612,17.25691333561606,50.0,50.0,30.354148001369637,High Risk
C028,202505,233,66064.12,8,8,13714.8,824,1.0,0.9708737864077668,0.9708737864077668,80.17490291262135,16.64417475728155,7.174475434565291,50.0,50.0,24.304685260739173,High Risk
C028,202506,217,63944.65,6,6,8203.49,824,1.0,0.7281553398058253,0.7281553398058253,77.60273058252427,9.955691747572816,2.1187137781357035,50.0,50.0,21.271228266881423,High Risk
C028,202507,227,62871.56,5,5,7216.559999999999,824,1.0,0.6067961165048543,0.6067961165048543,76.30043689320388,8.757961165048544,16.77758340805878,50.0,50.0,30.066550044835267,High Risk
C028,202508,222,56927.1,2,2,3833.74,824,1.0,0.2427184466019417,0.2427184466019417,69.08628640776699,4.652597087378641,42.460854902656806,50.0,50.0,45.47651294159408,High Risk
C028,202509,218,59908.78,3,3,3522.7200000000003,824,1.0,0.3640776699029126,0.3640776699029126,72.70483009708738,4.275145631067962,34.11543674241958,50.0,50.0,40.46926204545175,High Risk
C028,202510,216,70066.59,2,1,1051.86,824,0.5,0.2427184466019417,0.1213592233009708,85.03226941747572,1.276529126213592,71.66436780724203,50.0,50.0,62.99862068434522,Medium Risk
C028,202511,197,52513.86,4,4,4124.99,824,1.0,0.4854368932038834,0.4854368932038834,63.73041262135922,5.006055825242719,34.734470355716354,50.0,50.0,40.840682213429815,High Risk
C028,202512,239,65769.69,2,2,3229.04,824,1.0,0.2427184466019417,0.2427184466019417,79.81758495145631,3.91873786407767,43.26818802517681,50.0,50.0,45.960912815106084,High Risk
C029,202501,105,26951.33,2,2,1865.61,408,1.0,0.4901960784313725,0.4901960784313725,66.05718137254901,4.572573529411764,32.33269181991349,50.0,50.0,39.39961509194809,High Risk
C029,202502,102,23984.1,2,2,3213.1800000000003,408,1.0,0.4901960784313725,0.4901960784313725,58.78455882352941,7.875441176470589,20.94105985939891,50.0,50.0,32.56463591563934,High Risk
C029,202503,121,33769.78,0,0,0.0,408,0.0,0.0,0.0,82.76906862745098,0.0,100.0,50.0,50.0,80.0,Low Risk
C029,202504,107,24660.56,0,0,0.0,408,0.0,0.0,0.0,60.442549019607846,0.0,100.0,50.0,50.0,80.0,Low Risk
C029,202505,101,29841.28,3,3,3656.25,408,1.0,0.7352941176470588,0.7352941176470588,73.14039215686275,8.961397058823529,23.09950292597252,50.0,50.0,33.859701755583515,High Risk
C029,202506,99,22059.98,1,1,1249.05,408,1.0,0.2450980392156862,0.2450980392156862,54.06857843137255,3.061397058823529,37.72041949703213,50.0,50.0,42.63225169821928,High Risk
C029,202507,120,28467.78,0,0,0.0,408,0.0,0.0,0.0,69.77397058823529,0.0,100.0,50.0,50.0,80.0,Low Risk
C029,202508,105,23919.55,1,1,970.28,408,1.0,0.2450980392156862,0.2450980392156862,58.626348039215685,2.3781372549019606,45.08849861364881,50.0,50.0,47.053099168189284,High Risk
C029,202509,101,28444.94,3,3,4318.54,408,1.0,0.7352941176470588,0.7352941176470588,69.71799019607843,10.584656862745096,9.850824182258972,50.0,50.0,25.91049450935538,High Risk
C029,202510,104,25566.01,0,0,0.0,408,0.0,0.0,0.0,62.66178921568627,0.0,100.0,50.0,50.0,80.0,Low Risk
C029,202511,98,24983.92,1,1,1487.13,408,1.0,0.2450980392156862,0.2450980392156862,61.23509803921569,3.6449264705882354,43.379789638368806,50.0,50.0,46.02787378302128,High Risk
C029,202512,123,32896.63,2,2,1719.88,408,1.0,0.4901960784313725,0.4901960784313725,80.62899509803921,4.2153921568627455,35.75079918794989,50.0,50.0,41.45047951276993,High Risk
C030,202501,207,53834.83,6,5,6016.4400000000005,860,0.8333333333333334,0.6976744186046512,0.5813953488372093,62.59863953488372,6.995860465116279,39.56411770712519,50.0,50.0,43.73847062427511,High Risk
C030,202502,235,60932.37,1,1,726.46,860,1.0,0.1162790697674418,0.1162790697674418,70.85159302325582,0.8447209302325582,48.21807365154617,50.0,50.0,48.9308441909277,High Risk
C030,202503,195,49878.96,2,2,890.8299999999999,860,1.0,0.2325581395348837,0.2325581395348837,57.998790697674416,1.0358488372093022,44.99977130605346,50.0,50.0,46.999862783632075,High Risk
C030,202504,225,60320.26,3,3,5417.33,860,1.0,0.3488372093023256,0.3488372093023256,70.13983720930233,6.299220930232558,33.75982940180747,50.0,50.0,40.25589764108449,High Risk
C030,202505,236,64309.96,4,3,7579.2,860,0.75,0.4651162790697674,0.3488372093023256,74.77902325581395,8.813023255813953,45.707815437708085,50.0,50.0,47.42468926262485,High Risk
C030,202506,260,73296.29,5,5,5125.89,860,1.0,0.5813953488372093,0.5813953488372093,85.22824418604651,5.960337209302326,16.348980766798533,50.0,50.0,29.80938846007912,High Risk
C030,202507,224,60732.17,6,5,7029.01,860,0.8333333333333334,0.6976744186046512,0.5813953488372093,70.6188023255814,8.173267441860466,26.192991401015163,50.0,50.0,35.7157948406091,High Risk
C030,202508,265,76877.37,4,3,2805.89,860,0.75,0.4651162790697674,0.3488372093023256,89.39229069767441,3.262662790697674,52.2880771845873,50.0,50.0,51.37284631075238,High Risk
C030,202509,255,62308.24,3,2,1571.4,860,0.6666666666666666,0.3488372093023256,0.2325581395348837,72.45144186046511,1.827209302325581,58.03588025953235,50.0,50.0,54.821528155719406,High Risk
C030,202510,232,72947.84,6,5,11515.78,860,0.8333333333333334,0.6976744186046512,0.5813953488372093,84.82306976744185,13.390441860465115,23.677325581395348,50.0,50.0,34.206395348837205,High Risk
C030,202511,206,51347.74,4,3,3758.0,860,0.75,0.4651162790697674,0.3488372093023256,59.70667441860465,4.369767441860465,50.727546416251144,50.0,50.0,50.43652784975069,High Risk
C030,202512,252,67745.75,4,4,8818.09,860,1.0,0.4651162790697674,0.4651162790697674,78.77412790697674,10.253593023255814,29.221269112465052,50.0,50.0,37.532761467479034,High Risk
